"Allele","CSF1PO","D13S317","D16S539","D18S51","D19S433","D21S11","D2S1338","D3S1358","D5S818","D7S820","D8S1179","FGA","PENTAD","PENTAE","TH01","TPOX","VWA"
5,0,0,0,0,0,0,0,0,0,0,0,0,0,0.07487,0,0,0
6,0,0,0,0,0,0,0,0,0,0,0,0,0,0,0.22237,0.00135,0
7,0,0,0.00135,0,0,0,0,0,0.0027,0.01213,0,0,0.00269,0.15241,0.13342,0,0
8,0,0.15499,0.01482,0,0,0,0,0,0.00135,0.17116,0.00539,0,0.00269,0.00535,0.09434,0.57951,0
9,0.04582,0.0876,0.08356,0,0,0,0,0,0.04043,0.15094,0.00404,0,0.22849,0.01604,0.23046,0.0876,0
9.3,0,0,0,0,0,0,0,0,0,0,0,0,0,0,0.31402,0,0
10,0.28167,0.05795,0.05256,0.00674,0,0,0,0,0.08895,0.28302,0.05256,0,0.12097,0.12299,0.00404,0.0593,0
10.3,0,0,0,0,0,0,0,0,0,0,0,0,0,0,0.00135,0,0
11,0.2938,0.35175,0.28302,0.01213,0.00272,0,0,0,0.33423,0.21159,0.06199,0,0.19355,0.08289,0,0.24394,0
12,0.30593,0.20081,0.34906,0.09569,0.07609,0,0,0.0027,0.36658,0.1442,0.16173,0,0.19355,0.13636,0,0.0283,0.00875
12.2,0,0,0,0,0.00272,0,0,0,0,0,0,0,0,0,0,0,0
13,0.05795,0.10108,0.19137,0.11995,0.21196,0,0,0,0.15229,0.02561,0.34097,0,0.17204,0.10695,0,0,0.02187
13.2,0,0,0,0,0.01087,0,0,0,0,0,0,0,0,0,0,0,0
14,0.00809,0.04313,0.02291,0.15229,0.375,0,0,0.1159,0.00943,0.00135,0.22372,0,0.0672,0.05615,0,0,0.09184
14.2,0,0,0,0,0.03804,0,0,0,0,0,0,0,0,0,0,0,0
15,0.00539,0.0027,0.00135,0.17251,0.15489,0,0,0.25337,0.00404,0,0.1186,0,0.01344,0.05615,0,0,0.11516
15.2,0,0,0,0,0.04076,0,0,0,0,0,0,0,0,0,0,0,0
16,0.00135,0,0,0.17116,0.04348,0,0.0462,0.2938,0,0,0.02291,0,0.00269,0.08021,0,0,0.20845
16.2,0,0,0,0,0.02174,0,0,0,0,0,0,0,0,0,0,0,0
17,0,0,0,0.1159,0.00543,0,0.22554,0.21833,0,0,0.00674,0,0.00269,0.05615,0,0,0.22595
17.2,0,0,0,0,0.00815,0,0,0,0,0,0,0,0,0,0,0,0
18,0,0,0,0.07143,0,0,0.10326,0.11051,0,0,0.00135,0.01897,0,0.02941,0,0,0.20991
18.2,0,0,0,0,0.00815,0,0,0,0,0,0,0,0,0,0,0,0
19,0,0,0,0.04582,0,0,0.14402,0.00539,0,0,0,0.08943,0,0.0107,0,0,0.09767
20,0,0,0,0.02426,0,0,0.13315,0,0,0,0,0.15854,0,0.0107,0,0,0.01749
21,0,0,0,0.00539,0,0,0.02717,0,0,0,0,0.14634,0,0.00267,0,0,0.00292
21.2,0,0,0,0,0,0,0,0,0,0,0,0.00407,0,0,0,0,0
22,0,0,0,0.00539,0,0,0.01359,0,0,0,0,0.23171,0,0,0,0,0
22.2,0,0,0,0,0,0,0,0,0,0,0,0.00407,0,0,0,0,0
23,0,0,0,0.00135,0,0,0.10326,0,0,0,0,0.11247,0,0,0,0,0
23.2,0,0,0,0,0,0,0,0,0,0,0,0.00271,0,0,0,0,0
24,0,0,0,0,0,0,0.08967,0,0,0,0,0.1206,0,0,0,0,0
25,0,0,0,0,0,0.00135,0.09511,0,0,0,0,0.08266,0,0,0,0,0
26,0,0,0,0,0,0.00404,0.01902,0,0,0,0,0.02439,0,0,0,0,0
27,0,0,0,0,0,0.02022,0,0,0,0,0,0.00407,0,0,0,0,0
28,0,0,0,0,0,0.15768,0,0,0,0,0,0,0,0,0,0,0
28.2,0,0,0,0,0,0.0027,0,0,0,0,0,0,0,0,0,0,0
29,0,0,0,0,0,0.18868,0,0,0,0,0,0,0,0,0,0,0
29.2,0,0,0,0,0,0.0027,0,0,0,0,0,0,0,0,0,0,0
30,0,0,0,0,0,0.23315,0,0,0,0,0,0,0,0,0,0,0
30.2,0,0,0,0,0,0.07412,0,0,0,0,0,0,0,0,0,0,0
31,0,0,0,0,0,0.06739,0,0,0,0,0,0,0,0,0,0,0
31.2,0,0,0,0,0,0.08625,0,0,0,0,0,0,0,0,0,0,0
32,0,0,0,0,0,0.01213,0,0,0,0,0,0,0,0,0,0,0
32.2,0,0,0,0,0,0.09704,0,0,0,0,0,0,0,0,0,0,0
33,0,0,0,0,0,0.0027,0,0,0,0,0,0,0,0,0,0,0
33.2,0,0,0,0,0,0.04447,0,0,0,0,0,0,0,0,0,0,0
34.2,0,0,0,0,0,0.00539,0,0,0,0,0,0,0,0,0,0,0
