"Allele","D10S1248","D12S391","D16S539","D18S51","D19S433","D1S1656","D21S11","D22S1045","D2S1338","D2S441","D3S1358","D8S1179","FGA","TH01","VWA"
5,0,0,0,0,0,0,0,0,0,0,0,0,0,0.0016,0
6,0,0,0,0,0,0,0,0,0,0,0,0,0,0.1489,0
7,0,0,0,0,0.0016,0,0,0,0,0,0,0,0,0.3883,0
8,0,0,0.0194,0,0,0,0,0.0032,0,0.0032,0,0.0032,0,0.2104,0
9,0,0,0.2104,0,0.0032,0.0016,0,0,0,0.0016,0.0016,0.0113,0,0.1489,0
9.3,0,0,0,0,0,0,0,0,0,0,0,0,0,0.0922,0
10,0.0032,0,0.1165,0.0032,0.0049,0.0097,0,0.034,0,0.0696,0,0.0227,0,0.0097,0
10.2,0,0,0,0.0016,0.0016,0,0,0,0,0,0,0,0,0,0
11,0.0291,0,0.2799,0.0049,0.0647,0.0566,0,0.1408,0,0.3673,0.0016,0.0307,0,0,0.0049
11.2,0,0,0,0,0.0049,0,0,0,0,0,0,0,0,0,0
11.3,0,0,0,0,0,0,0,0,0,0.0599,0,0,0,0,0
12,0.1553,0,0.2006,0.0712,0.1165,0.0761,0,0.068,0,0.1392,0.0049,0.1505,0,0,0.0032
12.2,0,0,0,0,0.034,0,0,0,0,0,0,0,0,0,0
12.3,0,0,0,0,0,0,0,0,0,0.0065,0,0,0,0,0
13,0.2492,0,0.1602,0.034,0.3091,0.1181,0,0.0032,0,0.0647,0.0129,0.1634,0,0,0.0097
13.2,0,0,0,0.0049,0.0388,0,0,0,0,0,0,0,0,0,0
13.3,0,0,0,0,0,0,0,0,0,0.0049,0,0,0,0,0
14,0.2621,0.0016,0.0113,0.0663,0.2023,0.2605,0,0.1181,0,0.2573,0.1068,0.322,0,0,0.0647
14.2,0,0,0,0.0032,0.034,0,0,0,0,0,0,0,0,0,0
14.3,0,0,0,0,0,0.0049,0,0,0,0,0,0,0,0,0
15,0.1974,0.0858,0.0016,0.1634,0.0761,0.1715,0,0.2346,0.0016,0.0259,0.2977,0.2249,0,0,0.2168
15.2,0,0,0,0.0016,0.0437,0,0,0,0,0,0.0016,0,0,0,0
15.3,0,0,0,0,0,0.0129,0,0,0,0,0,0,0,0,0
16,0.0874,0.0777,0,0.1699,0.0113,0.1036,0,0.1845,0.055,0,0.3123,0.0599,0,0,0.2476
16.2,0,0,0,0,0.0502,0,0,0,0,0,0,0,0,0,0
16.3,0,0,0,0,0,0.0809,0,0,0,0,0,0,0,0,0
17,0.0113,0.1667,0,0.1602,0,0.021,0,0.1877,0.1084,0,0.1942,0.0113,0,0,0.2217
17.2,0,0,0,0,0.0032,0,0,0,0,0,0,0,0.0016,0,0
17.3,0,0.0032,0,0,0,0.0599,0,0,0,0,0,0,0,0,0
18,0.0049,0.2314,0,0.1149,0,0.0016,0,0.021,0.055,0,0.0631,0,0.0061,0,0.1262
18.2,0,0,0,0,0,0,0,0,0,0,0,0,0.0097,0,0
18.3,0,0,0,0,0,0.0178,0,0,0,0,0,0,0,0,0
19,0,0.1634,0,0.1003,0,0,0,0.0032,0.1683,0,0.0032,0,0.0647,0,0.0728
19.1,0,0.0065,0,0,0,0,0,0,0,0,0,0,0,0,0
19.2,0,0,0,0.0016,0,0,0,0,0,0,0,0,0.0081,0,0
19.3,0,0.0032,0,0,0,0.0032,0,0,0,0,0,0,0,0,0
20,0,0.11,0,0.0566,0,0,0,0.0016,0.0874,0,0,0,0.068,0,0.0243
20.2,0,0,0,0,0,0,0,0,0,0,0,0,0.0016,0,0
21,0,0.0453,0,0.0275,0,0,0,0,0.1424,0,0,0,0.0939,0,0.0081
22,0,0.0563,0,0.0129,0,0,0,0,0.1311,0,0,0,0.1926,0,0
22.2,0,0,0,0,0,0,0,0,0,0,0,0,0.0032,0,0
23,0,0.0372,0,0.0016,0,0,0,0,0.0841,0,0,0,0.1602,0,0
23.2,0,0,0,0,0,0,0,0,0,0,0,0,0.0016,0,0
24,0,0.0049,0,0,0,0,0.0016,0,0.0825,0,0,0,0.1731,0,0
24.2,0,0,0,0,0,0,0.0016,0,0,0,0,0,0,0,0
25,0,0.0032,0,0,0,0,0,0,0.0599,0,0,0,0.0874,0,0
26,0,0.0016,0,0,0,0,0.0032,0,0.0194,0,0,0,0.0728,0,0
27,0,0,0,0,0,0,0.0453,0,0.0049,0,0,0,0.0178,0,0
28,0,0,0,0,0,0,0.254,0,0,0,0,0,0.0146,0,0
29,0,0,0,0,0,0,0.2037,0,0,0,0,0,0.0129,0,0
29.2,0,0,0,0,0,0,0.0016,0,0,0,0,0,0,0,0
30,0,0,0,0,0,0,0.1861,0,0,0,0,0,0,0,0
30.2,0,0,0,0,0,0,0.0194,0,0,0,0,0,0.0016,0,0
31,0,0,0,0,0,0,0.0631,0,0,0,0,0,0,0,0
31.2,0,0,0,0,0,0,0.0437,0,0,0,0,0,0.0016,0,0
32,0,0,0,0,0,0,0.0129,0,0,0,0,0,0,0,0
32.2,0,0,0,0,0,0,0.0533,0,0,0,0,0,0,0,0
33,0,0,0,0,0,0,0.0113,0,0,0,0,0,0,0,0
33.2,0,0,0,0,0,0,0.0275,0,0,0,0,0,0,0,0
34,0,0,0,0,0,0,0.0032,0,0,0,0,0,0,0,0
34.1,0,0,0,0,0,0,0.0016,0,0,0,0,0,0,0,0
34.2,0,0,0,0,0,0,0.0049,0,0,0,0,0,0.0016,0,0
35,0,0,0,0,0,0,0.0437,0,0,0,0,0,0,0,0
36,0,0,0,0,0,0,0.0031,0,0,0,0,0,0,0,0
43.2,0,0,0,0,0,0,0,0,0,0,0,0,0.0016,0,0
45.2,0,0,0,0,0,0,0,0,0,0,0,0,0.0016,0,0
