"Allele","CSF1PO","D13S317","D16S539","D18S51","D21S11","D3S1358","D5S818","D7S820","D8S1179","FGA","TH01","TPOX","VWA"
5,0,0,0,0,0,0,0,0,0,0,0.005,0,0
6,0,0,0,0,0,0,0,0,0,0,0.1175,0.0625,0
7,0.055,0,0.0025,0,0,0,0.005,0.005,0,0,0.425,0.025,0
8,0.07,0.045,0.04,0,0,0,0.0525,0.2325,0.005,0,0.1875,0.3325,0
9,0.035,0.0325,0.1825,0,0,0,0.0175,0.1125,0.0025,0,0.135,0.21,0
9.3,0,0,0,0,0,0,0,0,0,0,0.1225,0,0
10,0.3125,0.0225,0.105,0.005,0,0,0.05,0.34,0.0075,0,0.0075,0.06,0
11,0.225,0.27,0.31,0.0075,0,0.0025,0.2825,0.2175,0.0625,0,0,0.27,0
12,0.2425,0.405,0.2075,0.0625,0,0.005,0.3575,0.0775,0.1075,0,0,0.04,0
13,0.05,0.1525,0.13,0.0475,0,0.0125,0.2075,0.01,0.225,0,0,0,0.0125
13.2,0,0,0,0.005,0,0,0,0,0,0,0,0,0
14,0.01,0.0725,0.0225,0.0625,0,0.085,0.01,0.005,0.31,0,0,0,0.0525
14.2,0,0,0,0.01,0,0,0,0,0,0,0,0,0
15,0,0,0,0.1875,0,0.275,0.005,0,0.1975,0,0,0,0.1925
16,0,0,0,0.1725,0,0.3625,0.0025,0,0.0575,0,0,0,0.2525
17,0,0,0,0.15,0,0.205,0,0,0.025,0.0025,0,0,0.245
18,0,0,0,0.095,0,0.05,0,0,0,0.005,0,0,0.1325
18.2,0,0,0,0,0,0,0,0,0,0.015,0,0,0
19,0,0,0,0.0975,0,0.0025,0,0,0,0.0675,0,0,0.0725
19.2,0,0,0,0,0,0,0,0,0,0.0075,0,0,0
20,0,0,0,0.0425,0,0,0,0,0,0.045,0,0,0.015
20.2,0,0,0,0,0,0,0,0,0,0.0025,0,0,0
21,0,0,0,0.035,0,0,0,0,0,0.095,0,0,0.01
22,0,0,0,0.0175,0,0,0,0,0,0.175,0,0,0.005
22.2,0,0,0,0,0,0,0,0,0,0.0025,0,0,0
23,0,0,0,0.0025,0,0,0,0,0,0.1975,0,0,0
24,0,0,0,0,0,0,0,0,0,0.1625,0,0,0
25,0,0,0,0,0,0,0,0,0,0.1125,0,0,0
26,0,0,0,0,0.0025,0,0,0,0,0.0425,0,0,0
26.2,0,0,0,0,0.0025,0,0,0,0,0,0,0,0
27,0,0,0,0,0.0375,0,0,0,0,0.035,0,0,0
28,0,0,0,0,0.285,0,0,0,0,0.0175,0,0,0
29,0,0,0,0,0.2,0,0,0,0,0,0,0,0
29.2,0,0,0,0,0.0025,0,0,0,0,0,0,0,0
30,0,0,0,0,0.15,0,0,0,0,0,0,0,0
30.2,0,0,0,0,0.0225,0,0,0,0,0,0,0,0
31,0,0,0,0,0.07,0,0,0,0,0.015,0,0,0
31.2,0,0,0,0,0.0375,0,0,0,0,0,0,0,0
32,0,0,0,0,0.01,0,0,0,0,0,0,0,0
32.2,0,0,0,0,0.08,0,0,0,0,0,0,0,0
33,0,0,0,0,0.0025,0,0,0,0,0,0,0,0
33.1,0,0,0,0,0.005,0,0,0,0,0,0,0,0
33.2,0,0,0,0,0.035,0,0,0,0,0,0,0,0
34,0,0,0,0,0.01,0,0,0,0,0,0,0,0
34.1,0,0,0,0,0.0025,0,0,0,0,0,0,0,0
34.2,0,0,0,0,0.0025,0,0,0,0,0,0,0,0
35,0,0,0,0,0.035,0,0,0,0,0,0,0,0
36,0,0,0,0,0.0075,0,0,0,0,0,0,0,0
