"Allele","D13S317","D18S51","D21S11","D3S1358","D5S818","D7S820","D8S1179","FGA","VWA"
7,0,0,0,0,0,0.0106,0,0,0
8,0.2396,0,0,0,0.0104,0.3617,0,0,0
9,0.0833,0,0,0,0.1875,0.117,0,0,0
10,0.0208,0,0,0,0.25,0.2234,0.0833,0,0
11,0.2813,0,0,0,0.2292,0.0957,0.0938,0,0
12,0.2917,0.0417,0,0,0.2604,0.1277,0.1667,0,0
13,0.0833,0.2188,0,0,0.0521,0.0638,0.2083,0,0
14,0,0.1563,0,0.0625,0.0104,0,0.1875,0,0.0208
15,0,0.1042,0,0.2708,0,0,0.1667,0,0.0729
16,0,0.0833,0,0.2708,0,0,0.0833,0,0.3229
17,0,0.1042,0,0.2396,0,0,0.0104,0.0104,0.2396
18,0,0.1771,0,0.1563,0,0,0,0.0521,0.2396
19,0,0.0521,0,0,0,0,0,0.0729,0.1042
20,0,0.0417,0,0,0,0,0,0.0938,0
20.2,0,0,0,0,0,0,0,0.0104,0
21,0,0,0,0,0,0,0,0.1354,0
21.2,0,0,0,0,0,0,0,0.0208,0
22,0,0.0104,0,0,0,0,0,0.1458,0
22.2,0,0,0,0,0,0,0,0.0104,0
23,0,0,0,0,0,0,0,0.125,0
24,0,0.0104,0,0,0,0,0,0.1563,0
25,0,0,0,0,0,0,0,0.1146,0
26,0,0,0,0,0,0,0,0.0313,0
27,0,0,0.0104,0,0,0,0,0.0208,0
28,0,0,0.0521,0,0,0,0,0,0
29,0,0,0.2292,0,0,0,0,0,0
30,0,0,0.1667,0,0,0,0,0,0
31,0,0,0.0313,0,0,0,0,0,0
31.2,0,0,0.1458,0,0,0,0,0,0
32,0,0,0.0208,0,0,0,0,0,0
32.2,0,0,0.1667,0,0,0,0,0,0
33.2,0,0,0.0938,0,0,0,0,0,0
34.2,0,0,0.0104,0,0,0,0,0,0
35.2,0,0,0.0208,0,0,0,0,0,0
36.2,0,0,0.0104,0,0,0,0,0,0
39,0,0,0.0313,0,0,0,0,0,0
39.2,0,0,0.0104,0,0,0,0,0,0
