"Allele","D16S539","D18S51","D21S11","D2S1338","D3S1358","D8S1179","FGA","TH01","VWA"
5,0,0,0,0,0,0,0,0.002,0
6,0,0,0,0,0,0,0,0.234,0
7,0,0,0,0,0,0,0,0.147,0
8,0.014,0,0,0,0,0.011,0,0.119,0
9,0.129,0,0,0,0,0.017,0,0.18,0
9.3,0,0,0,0,0,0,0,0.295,0
10,0.046,0.009,0,0,0,0.083,0,0.022,0
11,0.285,0.014,0,0,0.002,0.076,0,0.002,0
12,0.315,0.12,0,0,0,0.161,0,0,0
13,0.189,0.148,0,0,0.003,0.317,0,0,0.002
14,0.019,0.166,0,0.001,0.108,0.193,0,0,0.088
15,0.003,0.153,0,0.004,0.243,0.115,0,0,0.118
16,0,0.125,0,0.047,0.238,0.023,0,0,0.202
17,0,0.117,0,0.206,0.226,0.004,0.001,0,0.264
18,0,0.071,0,0.071,0.17,0.001,0.013,0,0.219
19,0,0.047,0,0.107,0.008,0,0.075,0,0.091
20,0,0.022,0,0.155,0.001,0,0.139,0,0.015
20.2,0,0,0,0,0,0,0.001,0,0
21,0,0.007,0,0.031,0,0,0.177,0,0
21.2,0,0,0,0,0,0,0.005,0,0
22,0,0.002,0,0.032,0,0,0.182,0,0.001
22.2,0,0,0,0,0,0,0.009,0,0
23,0,0,0,0.093,0,0,0.131,0,0
23.2,0,0,0,0,0,0,0.009,0,0
24,0,0,0,0.118,0,0,0.149,0,0
24.2,0,0,0.002,0,0,0,0.001,0,0
25,0,0,0,0.109,0,0,0.086,0,0
26,0,0,0,0.021,0,0,0.016,0,0
27,0,0,0.035,0.004,0,0,0.004,0,0
28,0,0,0.162,0.002,0,0,0.002,0,0
29,0,0,0.204,0,0,0,0.001,0,0
30,0,0,0.214,0,0,0,0,0,0
30.2,0,0,0.058,0,0,0,0,0,0
31,0,0,0.073,0,0,0,0,0,0
31.2,0,0,0.097,0,0,0,0,0,0
32,0,0,0.013,0,0,0,0,0,0
32.2,0,0,0.103,0,0,0,0,0,0
32.3,0,0,0.001,0,0,0,0,0,0
33,0,0,0.003,0,0,0,0,0,0
33.2,0,0,0.033,0,0,0,0,0,0
34.2,0,0,0.003,0,0,0,0,0,0
