"Allele","CSF1PO","D13S317","D16S539","D19S433","D21S11","D3S1358","D5S818","D7S820","D8S1179","FGA","PENTAD","PENTAE","TH01","TPOX","VWA"
5,0,0,0,0,0,0,0,0,0,0,0,0.08,0,0,0
6,0,0,0,0,0,0,0,0,0,0,0,0,0.24,0,0
7,0,0,0,0,0,0,0,0.03,0,0,0,0.13,0.14,0,0
8,0,0.17,0,0,0,0,0,0.13,0,0,0,0,0.13,0.53,0
9,0.02,0.08,0.12,0,0,0,0.05,0.12,0,0,0.15,0.08,0.23,0.08,0
9.3,0,0,0,0,0,0,0,0,0,0,0,0,0.27,0,0
10,0.28,0.07,0.11,0,0,0,0.07,0.26,0.07,0,0.15,0.1,0,0.07,0
11,0.25,0.29,0.33,0,0,0,0.27,0.29,0.12,0,0.3,0.08,0,0.3,0
12,0.37,0.26,0.29,0.11,0,0,0.42,0.13,0.13,0,0.15,0.14,0,0,0
13,0.05,0.1,0.13,0.26,0,0,0.19,0.04,0.31,0,0.19,0.1,0,0,0
13.2,0,0,0,0,0,0,0,0,0,0,0.04,0,0,0,0
14,0.02,0.03,0,0.08,0,0.1,0,0,0.2,0,0,0.04,0,0,0.18
15,0,0,0,0.32,0,0.25,0,0,0.13,0,0,0.07,0,0,0.09
15.2,0,0,0,0.18,0,0,0,0,0,0,0,0,0,0,0
16,0,0,0,0.05,0,0.22,0,0,0.02,0,0,0.09,0,0,0.17
17,0,0,0,0,0,0.2,0,0,0,0,0,0.03,0,0,0.29
18,0,0,0,0,0,0.21,0,0,0,0,0,0.03,0,0,0.19
19,0,0,0,0,0,0,0,0,0,0.07,0,0,0,0,0.06
20,0,0,0,0,0,0,0,0,0,0.15,0,0,0,0,0
21,0,0,0,0,0,0,0,0,0,0.19,0,0,0,0,0
22,0,0,0,0,0,0,0,0,0,0.15,0,0,0,0,0
22.2,0,0,0,0,0,0,0,0,0,0.02,0,0,0,0,0
23,0,0,0,0,0,0,0,0,0,0.13,0,0,0,0,0
24,0,0,0,0,0,0,0,0,0,0.16,0,0,0,0,0
25,0,0,0,0,0,0,0,0,0,0.07,0,0,0,0,0
26,0,0,0,0,0,0,0,0,0,0.03,0,0,0,0,0
28,0,0,0,0,0.14,0,0,0,0,0,0,0,0,0,0
29,0,0,0,0,0.24,0,0,0,0,0,0,0,0,0,0
30,0,0,0,0,0.2,0,0,0,0,0,0,0,0,0,0
30.2,0,0,0,0,0.06,0,0,0,0,0,0,0,0,0,0
31,0,0,0,0,0.06,0,0,0,0,0,0,0,0,0,0
31.2,0,0,0,0,0.06,0,0,0,0,0,0,0,0,0,0
32,0,0,0,0,0.02,0,0,0,0,0,0,0,0,0,0
32.2,0,0,0,0,0.14,0,0,0,0,0,0,0,0,0,0
33.2,0,0,0,0,0.04,0,0,0,0,0,0,0,0,0,0
34.2,0,0,0,0,0.02,0,0,0,0,0,0,0,0,0,0
