"Allele","D10S1248","D12S391","D16S539","D18S51","D19S433","D1S1656","D21S11","D22S1045","D2S1338","D2S441","D3S1358","D8S1179","FGA","SE33","TH01"
5,0,0,0,0,0,0,0,0,0,0,0,0,0,0,0.0025773
6,0,0,0,0,0,0,0,0,0,0,0,0,0,0,0.11598
7,0,0,0,0,0,0,0,0,0,0,0,0,0,0,0.66495
8,0,0,0,0,0,0,0,0,0,0,0,0.010309,0,0,0.030928
9,0,0,0.048969,0,0,0,0,0,0,0.023196,0,0.020619,0,0,0.041237
9.3,0,0,0,0,0,0,0,0,0,0,0,0,0,0,0.14175
10,0,0,0.16753,0,0,0,0,0,0,0.25258,0,0.072165,0,0,0.0025773
11,0,0,0.41237,0.0051546,0,0.028351,0,0.36598,0,0.52062,0.0025773,0.010309,0,0,0
11.3,0,0,0,0,0,0,0,0,0,0.012887,0,0,0,0,0
12,0.015464,0,0.30928,0.095361,0.012887,0.030928,0,0,0,0.030928,0,0.17784,0,0,0
12.2,0,0,0,0,0.0051546,0,0,0,0,0,0,0,0,0,0
12.3,0,0,0,0,0,0,0,0,0,0.0025773,0,0,0,0,0
13,0.17268,0,0.056701,0.22423,0.21134,0.020619,0,0.0051546,0,0.015464,0,0.24742,0,0.0025773,0
13.2,0,0,0,0,0.21134,0,0,0,0,0,0,0,0,0,0
14,0.51031,0,0.0051546,0.10825,0.21134,0.07732,0,0.010309,0,0.07732,0.028351,0.4201,0,0.0051546,0
15,0.18299,0.010309,0,0.20619,0.11598,0.17268,0,0.18041,0,0.023196,0.36598,0.03866,0,0.015464,0
15.2,0,0,0,0,0.1134,0,0,0,0,0,0,0,0,0,0
15.3,0,0,0,0,0,0.028351,0,0,0,0,0,0,0,0,0
16,0.11598,0,0,0.069588,0.10567,0.32732,0,0.38402,0.018041,0.041237,0.52577,0.0025773,0,0.25258,0
16.2,0,0,0,0,0.010309,0,0,0,0,0,0,0,0,0,0
16.3,0,0,0,0,0,0.064433,0,0,0,0,0,0,0,0,0
17,0.0025773,0.041237,0,0.17268,0.0025773,0.028351,0,0.036082,0.087629,0,0.056701,0,0,0.064433,0
17.3,0,0.010309,0,0,0,0.16237,0,0,0,0,0,0,0,0,0
18,0,0.1134,0,0.048969,0,0,0,0.007732,0.092784,0,0.020619,0,0.0025773,0.007732,0
18.3,0,0.0025773,0,0,0,0.056701,0,0,0,0,0,0,0,0,0
19,0,0.14433,0,0.048969,0,0,0,0.010309,0.41495,0,0,0,0.033505,0.028351,0
19.3,0,0.007732,0,0,0,0.0025773,0,0,0,0,0,0,0,0,0
20,0,0.2732,0,0.012887,0,0,0,0,0.097938,0,0,0,0.046392,0.012887,0
21,0,0.097938,0,0.0051546,0,0,0,0,0.018041,0,0,0,0.097938,0.015464,0
22,0,0.025773,0,0.0025773,0,0,0,0,0.023196,0,0,0,0.16495,0.007732,0
22.2,0,0,0,0,0,0,0,0,0,0,0,0,0.0051546,0.018041,0
23,0,0.21392,0,0,0,0,0,0,0.15722,0,0,0,0.069588,0.0025773,0
23.2,0,0,0,0,0,0,0,0,0,0,0,0,0.0025773,0.007732,0
24,0,0.03866,0,0,0,0,0,0,0.043814,0,0,0,0.17268,0,0
25,0,0.018041,0,0,0,0,0,0,0.046392,0,0,0,0.26289,0,0
25.2,0,0,0,0,0,0,0,0,0,0,0,0,0.0025773,0.015464,0
26,0,0.0025773,0,0,0,0,0,0,0,0,0,0,0.095361,0,0
26.2,0,0,0,0,0,0,0,0,0,0,0,0,0,0.023196,0
27,0,0,0,0,0,0,0.007732,0,0,0,0,0,0.043814,0,0
27.2,0,0,0,0,0,0,0,0,0,0,0,0,0,0.10567,0
28,0,0,0,0,0,0,0.051546,0,0,0,0,0,0,0.0025773,0
28.2,0,0,0,0,0,0,0,0,0,0,0,0,0,0.12887,0
29,0,0,0,0,0,0,0.30155,0,0,0,0,0,0,0,0
29.2,0,0,0,0,0,0,0,0,0,0,0,0,0,0.22938,0
30,0,0,0,0,0,0,0.23454,0,0,0,0,0,0,0,0
30.2,0,0,0,0,0,0,0,0,0,0,0,0,0,0.018041,0
31,0,0,0,0,0,0,0.10567,0,0,0,0,0,0,0,0
31.2,0,0,0,0,0,0,0.13144,0,0,0,0,0,0,0.007732,0
32.2,0,0,0,0,0,0,0.12113,0,0,0,0,0,0,0.012887,0
33.2,0,0,0,0,0,0,0.041237,0,0,0,0,0,0,0.012887,0
34,0,0,0,0,0,0,0,0,0,0,0,0,0,0.0025773,0
34.2,0,0,0,0,0,0,0.0051546,0,0,0,0,0,0,0,0
