"Allele","CSF1PO","D13S317","D16S539","D18S51","D21S11","D3S1358","D5S818","D7S820","D8S1179","FGA","PENTAD","PENTAE","TH01","TPOX","VWA"
2.2,0,0,0,0,0,0,0,0,0,0,0.012,0,0,0,0
3.2,0,0,0,0,0,0,0,0,0,0,3e-04,0,0,0,0
5,0,0,0,0,0,0,0,0,0,0,0,0.055,3e-04,0,0
6,3e-04,0,0,0,0,0,0,3e-04,0,0,0,0.001,0.271,0,0
7,3e-04,0,0,0,0,0,7e-04,0.018,0.003,0,0.008,0.128,0.177,0,0
8,7e-04,0.161,0.029,0,0,0,0.007,0.158,0.033,0,0.014,0.02,0.158,0.552,0
8.3,0,0,0,0,0,0,0,0,0,0,0,0,3e-04,0,0
9,0.019,0.077,0.145,3e-04,0,0,0.054,0.102,0.015,0,0.175,0.011,0.227,0.106,0
9.2,0,0,0,3e-04,0,0,0,0,0,0,0,0,0,0,0
9.3,0,0,0,0,0,0,0,0,0,0,0,0,0.151,0,0
10,0.278,0.055,0.072,0.01,0,0,0.114,0.265,0.078,0,0.146,0.073,0.016,0.076,0
10.3,0,0,0,0,0,0,0,0,0,0,0,0,3e-04,0,0
11,0.339,0.278,0.295,0.014,0,0,0.274,0.252,0.076,0,0.174,0.125,0,0.238,3e-04
11.1,0,0,0,0,0,0,0,7e-04,0,0,0,0,0,0,0
11.2,0,0,0,0,0,0,0,0,0,0,0,3e-04,0,0,0
12,0.306,0.301,0.28,0.187,0,3e-04,0.332,0.171,0.095,0,0.128,0.183,0,0.028,0
12.2,0,0,0,0,0,0,3e-04,0.029,0,0,0,0,0,0,0
13,0.047,0.096,0.154,0.159,0,0.002,0.201,0.005,0.265,0,0.209,0.121,0,0,7e-04
13.1,7e-04,0,0,0,0,0,0,0,0,0,0,0,0,0,0
13.2,0,0,0,3e-04,0,0,0,0,0,0,0,0,0,0,0
13.3,0,0,0,3e-04,0,0,0,0,0,0,0,0,0,0,0
14,0.007,0.03,0.022,0.195,0,0.043,0.012,0,0.215,0,0.088,0.057,0,0,0.082
14.1,0,0,0,0,0,0,0,0,0,0,3e-04,0,0,0,0
15,0.001,0.001,0.003,0.119,0,0.236,0.002,0,0.155,0,0.034,0.056,0,0,0.105
15.2,0,0,0,0,0,0,0,0,0,0,7e-04,0,0,0,0
15.3,0,0,0,0,0,0,0,0,0,0,0,3e-04,0,0,0
16,0,0,0,0.104,0,0.258,0,0,0.049,0.001,0.006,0.039,0,0,0.201
16.2,0,0,0,3e-04,0,0,0,0,0,0,0,0,0,0,0
17,0,0,0,0.081,0,0.272,0,0,0.016,0.002,7e-04,0.042,0,0,0.318
17.2,0,0,0,0,0,0,0,0,0,0,0,3e-04,0,0,0
18,0,0,0,0.064,0,0.169,0,0,0.002,0.021,7e-04,0.037,0,0,0.198
18.1,0,0,0,0,0,0,0,0,0,0,0,0,0,0,3e-04
19,0,0,0,0.031,0,0.017,0,0,0,0.072,0,0.027,0,0,0.077
19.3,0,0,0,0,0,0,0,0,0,0,0,3e-04,0,0,0
20,0,0,0,0.024,0,7e-04,0,0,0,0.105,0,0.016,0,0,0.015
20.2,0,0,0,0,0,0,0,0,0,0,0,3e-04,0,0,0
21,0,0,0,0.006,0,0,0,0,0,0.148,0,0.006,0,0,0.001
21.2,0,0,0,3e-04,0,0,0,0,0,0.002,0,0,0,0,0
22,0,0,0,0.003,0,0,0,0,0,0.184,0,3e-04,0,0,0
22.2,0,0,0,0,0,0,0,0,0,0.004,0,0,0,0,0
23,0,0,0,0,0,0,0,0,0,0.164,0,3e-04,0,0,0
23.2,0,0,0,0,0,0,0,0,0,0.001,0,0,0,0,0
24,0,0,0,0,0,0,0,0,0,0.145,0,0,0,0,0
24.2,0,0,0,0,0,0,0,0,0,0.005,0,0,0,0,0
25,0,0,0,0,0.006,0,0,0,0,0.089,0,0,0,0,0
26,0,0,0,0,0.002,0,0,0,0,0.046,0,0,0,0,0
27,0,0,0,0,0.019,0,0,0,0,0.007,0,0,0,0,0
27.2,0,0,0,0,0.002,0,0,0,0,0,0,0,0,0,0
28,0,0,0,0,0.129,0,0,0,0,0.001,0,0,0,0,0
28.2,0,0,0,0,3e-04,0,0,0,0,0,0,0,0,0,0
29,0,0,0,0,0.225,0,0,0,0,0,0,0,0,0,0
29.2,0,0,0,0,0.003,0,0,0,0,0,0,0,0,0,0
30,0,0,0,0,0.21,0,0,0,0,3e-04,0,0,0,0,0
30.2,0,0,0,0,0.031,0,0,0,0,0,0,0,0,0,0
31,0,0,0,0,0.06,0,0,0,0,0,0,0,0,0,0
31.2,0,0,0,0,0.13,0,0,0,0,0,0,0,0,0,0
32,0,0,0,0,0.007,0,0,0,0,0,0,0,0,0,0
32.2,0,0,0,0,0.124,0,0,0,0,0,0,0,0,0,0
33,0,0,0,0,3e-04,0,0,0,0,0,0,0,0,0,0
33.2,0,0,0,0,0.043,0,0,0,0,0,0,0,0,0,0
34.1,0,0,0,0,3e-04,0,0,0,0,0,0,0,0,0,0
34.2,0,0,0,0,0.003,0,0,0,0,0,0,0,0,0,0
35,0,0,0,0,3e-04,0,0,0,0,0,0,0,0,0,0
35.2,0,0,0,0,0.002,0,0,0,0,0,0,0,0,0,0
36,0,0,0,0,3e-04,0,0,0,0,0,0,0,0,0,0
