"Allele","D16S539","D18S51","D19S433","D21S11","D2S1338","D3S1358","D8S1179","FGA","TH01","VWA"
6,0,0,0,0,0,0,0,0,0.288,0
7,0,0,0,0,0,0,0,0,0.246,0
8,0.003,0,0,0,0,0,0.013,0,0.113,0
9,0.142,0,0,0,0,0,0.023,0,0.117,0
9.3,0,0,0,0,0,0,0,0,0.217,0
10,0.03,0.007,0,0,0,0,0.07,0,0.021,0
11,0.344,0.007,0,0,0,0.007,0.073,0,0,0
12,0.245,0.166,0.055,0,0,0,0.149,0,0,0
13,0.195,0.136,0.243,0,0,0.003,0.268,0,0,0
13.2,0,0,0.022,0,0,0,0,0,0,0
14,0.036,0.113,0.379,0,0,0.149,0.275,0,0,0.146
14.2,0,0,0.007,0,0,0,0,0,0,0
15,0.003,0.142,0.173,0,0,0.288,0.113,0,0,0.06
15.2,0,0,0.026,0,0,0,0,0,0,0
16,0,0.109,0.063,0,0.036,0.225,0.017,0,0,0.182
16.2,0,0,0.015,0,0,0,0,0,0,0
17,0,0.106,0.011,0,0.199,0.166,0,0,0,0.301
18,0,0.119,0.004,0,0.076,0.156,0,0.024,0,0.212
18.2,0,0,0.004,0,0,0,0,0,0,0
19,0,0.05,0,0,0.096,0.007,0,0.066,0,0.089
20,0,0.033,0,0,0.172,0,0,0.176,0,0.01
21,0,0.01,0,0,0.026,0,0,0.11,0,0
22,0,0,0,0,0.033,0,0,0.179,0,0
23,0,0.003,0,0,0.109,0,0,0.159,0,0
23.2,0,0,0,0,0,0,0,0.003,0,0
24,0,0,0,0,0.116,0,0,0.193,0,0
25,0,0,0,0,0.116,0,0,0.069,0,0
26,0,0,0,0,0.02,0,0,0.021,0,0
27,0,0,0,0.032,0,0,0,0,0,0
28,0,0,0,0.184,0,0,0,0,0,0
29,0,0,0,0.26,0,0,0,0,0,0
30,0,0,0,0.288,0,0,0,0,0,0
30.2,0,0,0,0.016,0,0,0,0,0,0
31,0,0,0,0.088,0,0,0,0,0,0
31.2,0,0,0,0.04,0,0,0,0,0,0
32,0,0,0,0.008,0,0,0,0,0,0
32.2,0,0,0,0.048,0,0,0,0,0,0
33.2,0,0,0,0.024,0,0,0,0,0,0
34.2,0,0,0,0.012,0,0,0,0,0,0
