"Allele","CSF1PO","D10S1248","D12S391","D13S317","D16S539","D18S51","D19S433","D1S1656","D21S11","D22S1045","D2S1338","D2S441","D3S1358","D5S818","D7S820","D8S1179","FGA","PENTAD","PENTAE","SE33","TH01","TPOX","VWA"
2.2,0,0,0,0,0,0,0,0,0,0,0,0,0,0,0,0,0,0.013,0,0,0,0,0
5,0,0,0,0,0,0,0,0,0,0,0,0,0,0,0,0,0,0,0.057,0,0,0.003,0
6,0,0,0,0.003,0,0,0,0,0,0,0,0.001,0,0,0,0,0,0.003,0,0,0.256,0.003,0
6.2,0,0,0,0,0,0,0.003,0,0,0,0,0,0,0,0,0,0,0,0,0,0,0,0
7,0.003,0,0,0,0,0,0,0,0,0,0,0,0,0,0.017,0,0,0.003,0.118,0,0.167,0.001,0
8,0.003,0.003,0,0.134,0.053,0.003,0,0,0,0,0,0,0,0.01,0.164,0.006,0,0.025,0.024,0.003,0.102,0.494,0
8.3,0,0,0,0,0,0,0,0,0,0,0,0,0,0,0,0,0,0,0,0.003,0,0,0
9,0.015,0.003,0,0.071,0.162,0.003,0,0,0,0,0,0.003,0,0.065,0.079,0.009,0,0.17,0.019,0.003,0.302,0.121,0
9.1,0.003,0,0,0,0,0,0,0,0,0,0,0,0,0,0.003,0,0,0,0,0,0,0,0
9.3,0,0,0.003,0,0,0,0,0,0,0,0,0,0,0,0.003,0,0,0,0,0,0.148,0,0
10,0.282,0,0,0.051,0.059,0.014,0.003,0.003,0,0.007,0,0.095,0,0.109,0.312,0.075,0,0.158,0.057,0,0.024,0.088,0
10.2,0,0,0,0,0,0.003,0,0,0,0,0,0,0,0,0,0,0,0,0,0,0,0,0
11,0.328,0.012,0,0.307,0.347,0.015,0.009,0.085,0,0.136,0,0.333,0.003,0.278,0.241,0.091,0,0.185,0.134,0.003,0,0.272,0
11.2,0,0,0,0,0,0,0.003,0,0,0,0,0,0,0,0,0,0,0,0,0,0,0,0
11.3,0,0,0,0,0,0,0,0,0,0,0,0.122,0,0,0,0,0,0,0,0,0,0,0
12,0.315,0.028,0,0.301,0.238,0.143,0.104,0.112,0,0.007,0,0.062,0,0.339,0.152,0.081,0,0.143,0.194,0.003,0,0.022,0
12.1,0,0,0,0,0,0,0,0,0,0,0,0,0,0,0.003,0,0,0,0,0,0,0,0
12.2,0,0,0,0,0,0.003,0.003,0,0,0,0,0,0,0,0,0,0,0,0,0,0,0,0
12.3,0,0,0,0,0,0,0,0,0,0,0,0.003,0,0,0,0,0,0,0,0,0,0,0
13,0.045,0.204,0,0.108,0.12,0.162,0.258,0.077,0,0.003,0,0.026,0.003,0.188,0.032,0.278,0,0.178,0.099,0.025,0,0,0
13.2,0,0,0,0,0,0.001,0.03,0,0,0,0,0,0,0,0,0,0,0,0,0,0,0,0
13.3,0,0,0,0,0,0,0,0,0,0,0,0,0,0,0,0,0,0,0,0.003,0,0,0
14,0.003,0.335,0,0.024,0.021,0.155,0.278,0.119,0,0.055,0.003,0.329,0.045,0.011,0.001,0.209,0,0.083,0.057,0.02,0,0.003,0.095
14.2,0,0,0,0,0,0.001,0.046,0,0,0,0,0,0,0,0,0,0,0,0,0.003,0,0,0
14.3,0,0,0,0,0,0,0,0,0,0,0,0,0,0,0,0,0,0,0,0.003,0,0,0
15,0.003,0.229,0.035,0.001,0,0.122,0.11,0.203,0,0.43,0.003,0.026,0.257,0,0,0.18,0,0.038,0.058,0.019,0,0,0.094
15.2,0,0,0,0,0,0,0.075,0,0,0,0,0,0,0,0,0,0,0,0,0.003,0,0,0
15.3,0,0,0,0,0,0,0,0.027,0,0,0,0,0,0,0,0,0,0,0,0,0,0,0
16,0,0.138,0.012,0,0,0.12,0.046,0.165,0,0.283,0.036,0.003,0.257,0.003,0,0.066,0.003,0.001,0.055,0.045,0,0,0.226
16.2,0,0,0,0,0,0.003,0.027,0,0,0,0,0,0,0,0,0,0,0,0,0,0,0,0
16.3,0,0,0,0,0,0,0,0.033,0,0,0,0,0.003,0,0,0,0,0,0,0,0,0,0
17,0,0.042,0.123,0,0,0.097,0.003,0.053,0,0.068,0.274,0,0.295,0,0,0.003,0.003,0.005,0.047,0.071,0,0,0.313
17.2,0,0,0,0,0,0,0.003,0,0,0,0,0,0,0,0,0,0,0,0,0,0,0,0
17.3,0,0,0.003,0,0,0,0,0.062,0,0,0,0,0,0,0,0,0,0,0,0,0,0,0
18,0,0.007,0.195,0,0,0.077,0.003,0.003,0,0.008,0.119,0,0.135,0,0,0,0.011,0,0.041,0.103,0,0,0.168
18.2,0,0,0,0,0,0,0.003,0,0,0,0,0,0,0,0,0,0,0,0,0,0,0,0
18.3,0,0,0.02,0,0,0,0,0.036,0,0,0,0,0,0,0,0,0,0,0,0,0,0,0
19,0,0,0.124,0,0,0.059,0,0,0,0.003,0.119,0,0.006,0,0,0,0.077,0,0.021,0.099,0,0,0.089
19.2,0,0,0,0,0,0,0,0,0,0,0,0,0,0,0,0,0,0,0,0.003,0,0,0
19.3,0,0,0.009,0,0,0,0,0.02,0,0,0,0,0,0,0,0,0,0,0,0,0,0,0
20,0,0,0.112,0,0,0.024,0,0,0,0,0.128,0,0,0,0,0,0.106,0,0.014,0.049,0,0,0.013
20.2,0,0,0,0,0,0,0,0,0,0,0,0,0,0,0,0,0.003,0,0,0.003,0,0,0
20.3,0,0,0.003,0,0,0,0,0,0,0,0,0,0,0,0,0,0,0,0,0,0,0,0
21,0,0,0.13,0,0,0.003,0,0,0,0,0.038,0,0,0,0,0,0.147,0,0.003,0.014,0,0,0.003
21.2,0,0,0,0,0,0,0,0,0,0,0,0,0,0,0,0,0.003,0,0,0.016,0,0,0
22,0,0,0.107,0,0,0.003,0,0,0,0,0.028,0,0,0,0,0,0.164,0,0.001,0.003,0,0,0
22.2,0,0,0,0,0,0,0,0,0,0,0,0,0,0,0,0,0.006,0,0,0.029,0,0,0
22.3,0,0,0,0,0,0,0,0,0,0,0,0,0,0,0,0,0.003,0,0,0,0,0,0
23,0,0,0.084,0,0,0,0,0,0,0,0.105,0,0,0,0,0,0.187,0,0,0.003,0,0,0
23.2,0,0,0,0,0,0,0,0,0,0,0,0,0,0,0,0,0.003,0,0,0.036,0,0,0
24,0,0,0.027,0,0,0,0,0,0,0,0.071,0,0,0,0,0,0.14,0,0,0.003,0,0,0
24.2,0,0,0,0,0,0,0,0,0,0,0,0,0,0,0,0,0,0,0,0.04,0,0,0
25,0,0,0.012,0,0,0,0,0,0.003,0,0.071,0,0,0,0,0,0.091,0,0,0.003,0,0,0
25.2,0,0,0,0,0,0,0,0,0,0,0,0,0,0,0,0,0,0,0,0.033,0,0,0
26,0,0,0.003,0,0,0,0,0,0.003,0,0.003,0,0,0,0,0,0.044,0,0,0,0,0,0
26.2,0,0,0,0,0,0,0,0,0,0,0,0,0,0,0,0,0,0,0,0.035,0,0,0
27,0,0,0,0,0,0,0,0,0.028,0,0.003,0,0,0,0,0,0.013,0,0,0,0,0,0
27.2,0,0,0,0,0,0,0,0,0,0,0,0,0,0,0,0,0,0,0,0.051,0,0,0
28,0,0,0,0,0,0,0,0,0.13,0,0,0,0,0,0,0,0.003,0,0,0,0,0,0
28.2,0,0,0,0,0,0,0,0,0.003,0,0,0,0,0,0,0,0,0,0,0.056,0,0,0
29,0,0,0,0,0,0,0,0,0.26,0,0,0,0,0,0,0,0.003,0,0,0,0,0,0
29.2,0,0,0,0,0,0,0,0,0.003,0,0,0,0,0,0,0,0,0,0,0.074,0,0,0
30,0,0,0,0,0,0,0,0,0.2,0,0,0,0,0,0,0,0,0,0,0.003,0,0,0
30.2,0,0,0,0,0,0,0,0,0.034,0,0,0,0,0,0,0,0,0,0,0.065,0,0,0
31,0,0,0,0,0,0,0,0,0.067,0,0,0,0,0,0,0,0,0,0,0,0,0,0
31.2,0,0,0,0,0,0,0,0,0.122,0,0,0,0,0,0,0,0,0,0,0.036,0,0,0
32,0,0,0,0,0,0,0,0,0.003,0,0,0,0,0,0,0,0,0,0,0,0,0,0
32.2,0,0,0,0,0,0,0,0,0.105,0,0,0,0,0,0,0,0,0,0,0.022,0,0,0
33,0,0,0,0,0,0,0,0,0.003,0,0,0,0,0,0,0,0,0,0,0.003,0,0,0
33.1,0,0,0,0,0,0,0,0,0.003,0,0,0,0,0,0,0,0,0,0,0,0,0,0
33.2,0,0,0,0,0,0,0,0,0.035,0,0,0,0,0,0,0,0,0,0,0.008,0,0,0
33.3,0,0,0,0,0,0,0,0,0.003,0,0,0,0,0,0,0,0,0,0,0,0,0,0
34,0,0,0,0,0,0,0,0,0,0,0,0,0,0,0,0,0,0,0,0.007,0,0,0
34.2,0,0,0,0,0,0,0,0,0.003,0,0,0,0,0,0,0,0,0,0,0.003,0,0,0
35,0,0,0,0,0,0,0,0,0.003,0,0,0,0,0,0,0,0,0,0,0,0,0,0
36,0,0,0,0,0,0,0,0,0,0,0,0,0,0,0,0,0,0,0,0.003,0,0,0
37,0,0,0,0,0,0,0,0,0,0,0,0,0,0,0,0,0,0,0,0.003,0,0,0
46.2,0,0,0,0,0,0,0,0,0,0,0,0,0,0,0,0,0,0,0,0.003,0,0,0
