"Allele","CSF1PO","D13S317","D16S539","D18S51","D21S11","D5S818","D7S820","D8S1179","FGA","TH01","TPOX","VWA"
5,0,0,0,0,0,0,0,0,0,0.003,0,0
6,0,0,0,0,0,0,0,0,0,0.201,0.002,0
7,0,0,0,0,0,0,0.016,0,0,0.148,0,0
8,0.005,0.114,0.029,0,0,0.005,0.131,0.016,0,0.12,0.518,0
9,0.026,0.086,0.121,0,0,0.039,0.157,0.016,0,0.13,0.113,0
9.3,0,0,0,0,0,0,0,0,0,0.393,0,0
10,0.232,0.05,0.062,0.005,0,0.044,0.317,0.096,0,0.005,0.035,0
11,0.326,0.336,0.31,0.013,0,0.354,0.209,0.076,0,0,0.274,0
12,0.321,0.276,0.224,0.133,0,0.4,0.127,0.146,0,0,0.055,0
13,0.079,0.107,0.2,0.102,0,0.15,0.026,0.307,0,0,0.002,0
14,0.011,0.029,0.055,0.167,0,0.007,0.016,0.206,0,0,0,0.089
15,0,0.002,0,0.141,0,0,0,0.112,0,0,0,0.099
16,0,0,0,0.146,0,0,0,0.026,0.003,0,0,0.255
17,0,0,0,0.167,0,0,0,0,0,0,0,0.247
18,0,0,0,0.076,0,0,0,0,0.005,0,0,0.208
19,0,0,0,0.021,0,0,0,0,0.068,0,0,0.089
20,0,0,0,0.016,0,0,0,0,0.12,0,0,0.013
21,0,0,0,0.01,0,0,0,0,0.206,0,0,0
21.2,0,0,0,0,0,0,0,0,0.003,0,0,0
22,0,0,0,0.005,0,0,0,0,0.195,0,0,0
22.2,0,0,0,0,0,0,0,0,0.005,0,0,0
23,0,0,0,0,0.133,0,0,0,0.148,0,0,0
23.2,0,0,0,0,0,0,0,0,0.008,0,0,0
24,0,0,0,0,0,0,0,0,0.122,0,0,0
24.2,0,0,0,0,0,0,0,0,0.003,0,0,0
25,0,0,0,0,0,0,0,0,0.073,0,0,0
26,0,0,0,0,0.003,0,0,0,0.034,0,0,0
27,0,0,0,0,0.052,0,0,0,0.005,0,0,0
28,0,0,0,0,0,0,0,0,0.003,0,0,0
29,0,0,0,0,0.193,0,0,0,0,0,0,0
30,0,0,0,0,0.271,0,0,0,0,0,0,0
30.2,0,0,0,0,0.031,0,0,0,0,0,0,0
31,0,0,0,0,0.073,0,0,0,0,0,0,0
31.2,0,0,0,0,0.107,0,0,0,0,0,0,0
32,0,0,0,0,0.016,0,0,0,0,0,0,0
32.2,0,0,0,0,0.078,0,0,0,0,0,0,0
33.2,0,0,0,0,0.036,0,0,0,0,0,0,0
34.2,0,0,0,0,0.003,0,0,0,0,0,0,0
35,0,0,0,0,0.003,0,0,0,0,0,0,0
35.2,0,0,0,0,0.003,0,0,0,0,0,0,0
