"Allele","CSF1PO","D13S317","D3S1358","D5S818","D7S820","FGA","TH01","TPOX","VWA"
6,0,0,0,0,0,0,0.0914,0,0
7,0,0,0,0.0108,0,0,0.3118,0.0054,0
8,0,0.3118,0,0.0054,0.1559,0,0.0591,0.4892,0
9,0.043,0.1183,0,0.0753,0.0914,0,0.4516,0.1452,0
9.3,0,0,0,0,0,0,0.0806,0,0
10,0.2419,0.1613,0,0.2527,0.1452,0,0.0054,0.0269,0
11,0.2366,0.2043,0,0.3871,0.2796,0,0,0.2796,0
12,0.3978,0.172,0,0.1505,0.2419,0,0,0.0538,0
13,0.0645,0.0215,0.0054,0.0914,0.086,0,0,0,0
14,0.0161,0.0108,0.0484,0.0269,0,0,0,0,0.1774
15,0,0,0.3602,0,0,0,0,0,0.0699
16,0,0,0.2473,0,0,0,0,0,0.2097
17,0,0,0.2688,0,0,0,0,0,0.2366
18,0,0,0.0699,0,0,0.0215,0,0,0.2258
19,0,0,0,0,0,0.0699,0,0,0.0591
20,0,0,0,0,0,0.043,0,0,0.0215
21,0,0,0,0,0,0.086,0,0,0
21.2,0,0,0,0,0,0.0054,0,0,0
22,0,0,0,0,0,0.172,0,0,0
22.2,0,0,0,0,0,0.0108,0,0,0
23,0,0,0,0,0,0.2043,0,0,0
23.2,0,0,0,0,0,0.0161,0,0,0
24,0,0,0,0,0,0.2581,0,0,0
24.2,0,0,0,0,0,0.0054,0,0,0
25,0,0,0,0,0,0.0645,0,0,0
26,0,0,0,0,0,0.0269,0,0,0
27,0,0,0,0,0,0.0161,0,0,0
