"Allele","D10S1248","D12S391","D16S539","D18S51","D19S433","D1S1656","D21S11","D22S1045","D2S1338","D2S441","D3S1358","D8S1179","FGA","SE33","TH01","VWA"
6,0,0,0,0,0,0,0,0,0,0,0,0,0,0,0.4333,0
7,0,0,0,0,0,0,0,0,0,0,0,0,0,0,0.2433,0
8,0,0,0,0,0,0,0,0,0,0,0,0.0133,0,0,0.0667,0
9,0,0,0.1367,0.0033,0,0,0,0,0,0,0,0.0033,0,0,0.1033,0
9.3,0,0,0,0,0,0,0,0,0,0,0,0,0,0,0.1367,0
10,0,0,0.2633,0.0067,0,0,0,0,0,0.5033,0,0.0867,0,0,0.0167,0
11,0,0,0.2567,0.0133,0.01,0.0133,0,0.0633,0,0.2367,0,0.0467,0,0,0,0
11.2,0,0,0,0,0.0033,0,0,0,0,0,0,0,0,0,0,0
11.3,0,0,0,0,0,0,0,0,0,0.0333,0,0,0,0,0,0
12,0.02,0,0.23,0.09,0.07,0.0433,0,0.0067,0,0.0333,0,0.14,0,0,0,0
12.2,0,0,0,0,0.0067,0,0,0,0,0,0,0,0,0.0067,0,0
13,0.26,0,0.1,0.0867,0,0.1433,0,0.0067,0,0,0,0.34,0,0.0033,0,0.0033
13.2,0,0,0,0,0.16,0,0,0,0,0,0,0,0,0,0,0
13.3,0,0,0,0,0,0.0033,0,0,0,0.0033,0,0,0,0,0,0
14,0.4167,0,0.01,0.2033,0.27,0.0967,0,0.0433,0,0.1733,0.0633,0.2267,0,0.0367,0,0.0533
14.2,0,0,0,0,0.0333,0,0,0,0,0,0,0,0,0,0,0
15,0.2233,0.01,0.0033,0.1433,0.1533,0.12,0,0.42,0,0.0167,0.4467,0.1133,0,0.0233,0,0.06
15.2,0,0,0,0,0.0633,0,0,0,0,0,0,0,0,0.0033,0,0
15.3,0,0,0,0,0,0.0133,0,0,0,0,0,0,0,0,0,0
16,0.0533,0.0267,0,0.1167,0.02,0.23,0,0.36,0.0067,0,0.2867,0.0267,0,0.05,0,0.39
16.2,0,0,0,0,0.0133,0,0,0,0,0,0,0,0,0,0,0
16.3,0,0,0,0,0,0.04,0,0,0,0,0,0,0,0.0033,0,0
17,0.0133,0.0567,0,0.21,0.0067,0.0767,0,0.0867,0.15,0,0.1233,0.0033,0.0033,0.0933,0,0.3667
17.2,0,0,0,0,0,0,0,0,0,0,0,0,0,0.0033,0,0
17.3,0,0.0167,0,0,0,0.16,0,0,0,0,0,0,0,0,0,0
18,0.0133,0.1733,0,0.0267,0,0,0,0.01,0.0567,0,0.07,0,0.0067,0.1167,0,0.1
18.2,0,0,0,0,0,0,0,0,0,0,0,0,0,0.0033,0,0
18.3,0,0.0167,0,0,0,0.05,0,0,0,0,0,0,0,0,0,0
19,0,0.3033,0,0.04,0.19,0.0067,0,0.0033,0.1667,0,0.01,0,0.0667,0.1067,0,0.02
19.2,0,0,0,0,0,0,0,0,0,0,0,0,0,0.0067,0,0
19.3,0,0.0033,0,0,0,0.0033,0,0,0,0,0,0,0,0,0,0
20,0,0.1933,0,0.03,0,0,0,0,0.1467,0,0,0,0.0633,0.0467,0,0.0033
21,0,0.0867,0,0.0133,0,0,0,0,0.03,0,0,0,0.0733,0.01,0,0.0033
21.2,0,0,0,0,0,0,0,0,0,0,0,0,0,0.0067,0,0
22,0,0.0567,0,0.0033,0,0,0,0,0.11,0,0,0,0.11,0,0,0
22.2,0,0,0,0,0,0,0,0,0,0,0,0,0,0.04,0,0
23,0,0.0367,0,0.0067,0,0,0,0,0.2067,0,0,0,0.1333,0,0,0
23.2,0,0,0,0,0,0,0,0,0,0,0,0,0,0.0167,0,0
24,0,0.0067,0,0,0,0,0,0,0.08,0,0,0,0.1767,0,0,0
24.2,0,0,0,0,0,0,0,0,0,0,0,0,0,0.01,0,0
24.3,0,0,0,0,0,0,0.0033,0,0,0,0,0,0,0,0,0
25,0,0.0133,0,0.0033,0,0,0,0,0.0333,0,0,0,0.1833,0,0,0
25.2,0,0,0,0,0,0,0,0,0,0,0,0,0,0.03,0,0
26,0,0,0,0,0,0,0,0,0.0133,0,0,0,0.1233,0,0,0
26.2,0,0,0,0,0,0,0,0,0,0,0,0,0,0.0667,0,0
27,0,0,0,0,0,0,0.01,0,0,0,0,0,0.0467,0,0,0
27.2,0,0,0,0,0,0,0,0,0,0,0,0,0,0.0733,0,0
28,0,0,0,0.0033,0,0,0.1,0,0,0,0,0,0.01,0,0,0
28.2,0,0,0,0,0,0,0,0,0,0,0,0,0,0.0833,0,0
29,0,0,0,0,0,0,0.2033,0,0,0,0,0,0,0,0,0
29.2,0,0,0,0,0,0,0,0,0,0,0,0,0,0.0667,0,0
30,0,0,0,0,0,0,0.26,0,0,0,0,0,0,0,0,0
30.2,0,0,0,0,0,0,0.02,0,0,0,0,0,0,0.0333,0,0
31,0,0,0,0,0,0,0.06,0,0,0,0,0,0,0,0,0
31.2,0,0,0,0,0,0,0.1233,0,0,0,0,0,0,0.0333,0,0
32,0,0,0,0,0,0,0.0067,0,0,0,0,0,0,0,0,0
32.2,0,0,0,0,0,0,0.1433,0,0,0,0,0,0,0.02,0,0
33,0,0,0,0,0,0,0.0033,0,0,0,0,0,0,0,0,0
33.2,0,0,0,0,0,0,0.0367,0,0,0,0,0,0,0.0033,0,0
34.2,0,0,0,0,0,0,0.02,0,0,0,0,0,0,0,0,0
35,0,0,0,0,0,0,0.0033,0,0,0,0,0,0,0,0,0
36,0,0,0,0,0,0,0.0067,0,0,0,0,0,0,0.0033,0,0
43.2,0,0,0,0,0,0,0,0,0,0,0,0,0.0033,0,0,0
