"Allele","D13S317","D18S51","D21S11","D3S1358","D5S818","D7S820","VWA"
7,0,0,0,0,0.013,0.05,0
8,0.163,0,0,0,0,0.138,0
9,0.05,0,0,0,0.038,0.1,0
10,0.075,0,0,0,0.088,0.288,0
11,0.263,0,0,0,0.463,0.213,0
12,0.275,0.113,0,0,0.275,0.088,0
13,0.1,0.013,0,0,0.075,0.075,0
13.2,0.038,0,0,0.075,0,0,0
14,0,0.25,0,0.225,0.013,0,0.163
14.2,0,0,0,0.35,0,0,0
15,0,0.138,0,0.187,0.013,0.025,0.038
16,0,0.225,0,0.113,0,0,0.28
17,0,0.075,0,0.025,0,0,0.188
18,0,0.063,0,0,0,0,0.213
19,0,0.038,0,0,0,0,0.125
22,0,0.013,0,0,0,0,0
23,0,0.013,0,0,0,0,0
24,0,0.013,0,0,0,0,0
25,0,0,0.013,0,0,0,0
27,0,0,0.013,0,0,0,0
28,0,0,0.125,0,0,0,0
29,0,0,0.1,0,0,0,0
30,0,0,0.2,0,0,0,0
30.1,0,0,0.075,0,0,0,0
31,0,0,0.138,0,0,0,0
31.2,0,0,0.05,0,0,0,0
32,0,0,0.05,0,0,0,0
32.2,0,0,0.138,0,0,0,0
33.2,0,0,0.025,0,0,0,0
34,0,0,0.013,0,0,0,0
35,0,0,0.025,0,0,0,0
