"Allele","CSF1PO","D13S317","D16S539","D18S51","D19S433","D21S11","D2S1338","D3S1358","D5S818","D7S820","D8S1179","FGA","TH01","TPOX","VWA"
5,0,0,0,0,0,0,0,0,0,0,0,0,4e-04,0,0
6,4e-04,0,4e-04,0,0,0,0,0,4e-04,0,0,0,0.2325,0.01,0
7,0.0071,4e-04,0,0,0,0,0,0,0.018,0.0113,0,0,0.2155,0,0
8,0.0147,0.026,0.026,0,0,0,0,0,0.012,0.1564,0.0068,0,0.1436,0.47,0
9,0.0244,0.1476,0.1476,8e-04,4e-04,0,0,0,0.0376,0.1188,0.0102,0,0.1666,0.11,0
9.3,0,0,0,0,0,0,0,0,0,0,0,0,0.2273,0,0
10,0.2635,0.0779,0.0779,0.0143,8e-04,0,0,0,0.0571,0.2805,0.0734,0,0.0132,0.08,0
10.2,0,0,0,8e-04,0,0,0,0,0,0,0,0,0,0,0
11,0.2981,0.3027,0.3027,0.0143,0.0154,0,0,0.0015,0.3249,0.2414,0.0764,0,4e-04,0.28,0.0038
12,0.3192,0.2605,0.2605,0.1316,0.0953,0,0,0.0011,0.3607,0.1617,0.123,0,0,0.05,4e-04
12.2,0,0,0,4e-04,0.0083,0,0,0,0,0,0,0,0,0,0
13,0.065,0.1623,0.1623,0.1132,0.2639,0,0,0.0038,0.1738,0.0271,0.2893,0,0,0,0.0064
13.2,0,0,0,4e-04,0.0392,0,0,0,0,0,0,0,0,0,0
14,0.0075,0.0222,0.0222,0.1564,0.2854,0,0,0.0919,0.0124,0.003,0.2532,0,0,0,0.0712
14.2,0,0,0,0.0026,0.0335,0,0,0,0,0,0,0,0,0,0
15,0,4e-04,4e-04,0.1451,0.1495,0,0.0023,0.2779,0.0026,0,0.1328,0,0,0,0.1386
15.2,0,0,0,0,0.0527,0,0,0,0,0,0,0,0,0,0
16,0,0,0,0.1447,0.032,0,0.0354,0.2639,4e-04,0,0.0305,4e-04,0,0,0.2651
16.2,0,0,0,4e-04,0.0196,0,0,0,0,0,0,0,0,0,0
17,0,0,0,0.118,0.0026,0,0.239,0.2293,0,0,0.0045,0.0016,0,0,0.2568
17.2,0,0,0,0,0.0011,0,0,0,0,0,0,0,0,0,0
18,0,0,0,0.0669,0,0,0.0867,0.1224,0,0,0,0.0094,0,0,0.1834
18.2,0,0,0,4e-04,0,0,0,0,0,0,0,0.0038,0,0,0
19,0,0,0,0.0462,0,0,0.1177,0.0072,0,0,0,0.0791,0,0,0.0576
19.2,0,0,0,4e-04,0,0,0,0,0,0,0,0,0,0,0
20,0,0,0,0.0237,0,0,0.1256,0.0011,0,0,0,0.1151,0,0,0.0136
21,0,0,0,0.0098,0,0,0.0475,0,0,0,0,0.1385,0,0,0.0034
21.2,0,0,0,4e-04,0,0,0,0,0,0,0,8e-04,0,0,0
22,0,0,0,0.0064,0,0,0.0656,0,0,0,0,0.1722,0,0,0
22.2,0,0,0,0,0,0,0,0,0,0,0,0.003,0,0,0
23,0,0,0,0.0011,0,0,0.1131,0,0,0,0,0.1465,0,0,0
23.2,0,0,0,0,0,0,0,0,0,0,0,0.0026,0,0,0
24,0,0,0,0.0011,0,0,0.0882,0,0,0,0,0.1419,0,0,0
24.2,0,0,0,0,0,0.0023,0,0,0,0,0,4e-04,0,0,0
25,0,0,0,0,0,0.0019,0.0595,0,0,0,0,0.1086,0,0,0
25.2,0,0,0,0,0,4e-04,0,0,0,0,0,0,0,0,0
26,0,0,0,4e-04,0,0.0015,0.0173,0,0,0,0,0.053,0,0,0
27,0,0,0,4e-04,0,0.0271,0.0019,0,0,0,0,0.0121,0,0,0
28,0,0,0,0,0,0.1562,0,0,0,0,0,0.0057,0,0,0
29,0,0,0,0,0,0.2109,0,0,0,0,0,0.0019,0,0,0
29.2,0,0,0,0,0,8e-04,0,0,0,0,0,0,0,0,0
30,0,0,0,0,0,0.2438,0,0,0,0,0,4e-04,0,0,0
30.2,0,0,0,0,0,0.0354,0,0,0,0,0,8e-04,0,0,0
31,0,0,0,0,0,0.0573,0,0,0,0,0,0,0,0,0
31.2,0,0,0,0,0,0.1033,0,0,0,0,0,0.0015,0,0,0
32,0,0,0,0,0,0.0117,0,0,0,0,0,0,0,0,0
32.2,0,0,0,0,0,0.092,0,0,0,0,0,0,0,0,0
33,0,0,0,0,0,0.0023,0,0,0,0,0,0,0,0,0
33.2,0,0,0,0,0,0.0385,0,0,0,0,0,0,0,0,0
34,0,0,0,0,0,0.0034,0,0,0,0,0,0,0,0,0
34.2,0,0,0,0,0,0.0034,0,0,0,0,0,0,0,0,0
35,0,0,0,0,0,0.0057,0,0,0,0,0,0,0,0,0
35.2,0,0,0,0,0,4e-04,0,0,0,0,0,0,0,0,0
36,0,0,0,0,0,0.0015,0,0,0,0,0,0,0,0,0
37,0,0,0,0,0,4e-04,0,0,0,0,0,0,0,0,0
