"Allele","D13S317","D16S539","D18S51","D19S433","D21S11","D2S1338","D3S1358","D5S818","D7S820","D8S1179","FGA","TH01","TPOX","VWA","VWA"
6,0,0,0,0,0,0,0,0,0,0,0,0.4873,0,0,0
7,0,0,0,0,0,0,0,0.1962,0,0,0,0.076,0,0,0
8,0,0,0,0,0,0,0,0,0,0,0,0.0317,0.3481,0,0
9,0.2658,0.2785,0,0,0,0,0,0.0063,0,0,0,0,0.0063,0,0
9.3,0,0,0,0,0,0,0,0,0,0,0,0.4051,0,0,0
10,0.2025,0.1899,0,0.0443,0,0,0,0,0.0949,0.1013,0,0,0.1139,0,0
11,0.1203,0.2215,0,0,0,0,0,0.6329,0.6899,0,0,0,0.1582,0,0
12,0.0506,0.2722,0.2975,0.0253,0,0,0,0.1519,0.2152,0.0443,0,0,0.3734,0,0.0058
12.2,0,0,0,0.0063,0,0,0,0,0,0,0,0,0,0,0
13,0.1582,0.0317,0.0443,0.1203,0,0,0,0.0127,0,0.6456,0,0,0.0115,0,0.0019
13.2,0,0,0.0063,0.4177,0,0,0,0,0,0,0,0,0,0,0
14,0.1139,0,0.2025,0.0127,0,0,0.038,0,0,0.1835,0,0,0,0.0063,0.0577
14.2,0,0,0.0127,0.0063,0,0,0,0,0,0,0,0,0,0,0
15,0.0886,0.0063,0.1076,0.1772,0,0,0.6519,0,0,0.0253,0,0,0,0.0317,0.0365
15.2,0,0,0,0.1456,0,0,0,0,0,0,0,0,0,0,0
16,0,0,0.1329,0,0,0,0.2342,0,0,0,0,0,0,0.4684,0.4192
17,0,0,0.1709,0.0443,0,0,0.0443,0,0,0,0,0,0,0.1456,0.2654
18,0,0,0.0127,0,0,0,0.0317,0,0,0,0,0,0,0.3228,0.1692
19,0,0,0.0063,0,0,0,0,0,0,0,0.0949,0,0,0.0127,0.0346
20,0,0,0,0,0,0,0,0,0,0,0.0443,0,0,0.0127,0.0096
21,0,0,0,0,0,0,0,0,0,0,0.0127,0,0,0,0
22,0,0,0.0063,0,0,0,0,0,0,0,0.057,0,0,0,0
23,0,0,0,0,0,0.3861,0,0,0,0,0.019,0,0,0,0
24,0,0,0,0,0,0.019,0,0,0,0,0.2975,0,0,0,0
25,0,0,0,0,0,0,0,0,0,0,0.3734,0,0,0,0
26,0,0,0,0,0,0,0,0,0,0,0.1013,0,0,0,0
28,0,0,0,0,0.0823,0,0,0,0,0,0,0,0,0,0
29,0,0,0,0,0.2595,0,0,0,0,0,0,0,0,0,0
30,0,0,0,0,0.4684,0,0,0,0,0,0,0,0,0,0
31,0,0,0,0,0.0063,0,0,0,0,0,0,0,0,0,0
31.2,0,0,0,0,0.0063,0,0,0,0,0,0,0,0,0,0
32.2,0,0,0,0,0.1392,0,0,0,0,0,0,0,0,0,0
33.2,0,0,0,0,0.038,0,0,0,0,0,0,0,0,0,0
