"Allele","CSF1PO","D13S317","D18S51","D21S11","D3S1358","D5S818","D7S820","D8S1179","FGA","TH01","TPOX","VWA"
6,0,0,0,0,0,0,0,0,0,0.224,0,0
7,0,0,0,0,0,0,0.061,0,0,0.122,0,0
8,0.01,0.102,0,0,0,0,0.194,0,0,0.102,0.531,0
9,0.021,0.092,0,0,0,0.01,0.092,0,0,0.173,0.143,0
9.3,0,0,0,0,0,0,0,0,0,0.367,0,0
10,0.229,0.051,0.01,0,0,0.102,0.235,0.07,0,0.01,0.061,0
11,0.333,0.327,0.061,0,0,0.398,0.245,0.11,0,0,0.224,0
12,0.302,0.316,0.133,0,0,0.306,0.153,0.1,0,0,0.041,0
13,0.094,0.051,0.133,0,0,0.163,0.02,0.37,0,0,0,0
13.2,0,0,0,0,0,0,0,0,0,0,0,0.061
14,0.01,0.061,0.143,0,0.092,0.02,0,0.22,0,0,0,0.163
15,0,0,0.173,0,0.286,0,0,0.1,0,0,0,0.204
16,0,0,0.133,0,0.265,0,0,0.02,0,0,0,0.235
17,0,0,0.122,0,0.194,0,0,0.01,0,0,0,0.204
18,0,0,0.031,0,0.143,0,0,0,0.041,0,0,0.092
19,0,0,0.041,0,0.02,0,0,0,0.041,0,0,0.041
20,0,0,0.01,0,0,0,0,0,0.133,0,0,0
21,0,0,0.01,0,0,0,0,0,0.173,0,0,0
22,0,0,0,0,0,0,0,0,0.204,0,0,0
23,0,0,0,0,0,0,0,0,0.143,0,0,0
24,0,0,0,0,0,0,0,0,0.143,0,0,0
24.2,0,0,0,0.01,0,0,0,0,0,0,0,0
25,0,0,0,0,0,0,0,0,0.102,0,0,0
26,0,0,0,0.01,0,0,0,0,0.02,0,0,0
27,0,0,0,0.01,0,0,0,0,0,0,0,0
28,0,0,0,0.204,0,0,0,0,0,0,0,0
29,0,0,0,0.235,0,0,0,0,0,0,0,0
30,0,0,0,0.296,0,0,0,0,0,0,0,0
30.2,0,0,0,0.01,0,0,0,0,0,0,0,0
31,0,0,0,0.02,0,0,0,0,0,0,0,0
31.2,0,0,0,0.051,0,0,0,0,0,0,0,0
32,0,0,0,0.031,0,0,0,0,0,0,0,0
32.2,0,0,0,0.071,0,0,0,0,0,0,0,0
33.2,0,0,0,0.041,0,0,0,0,0,0,0,0
34.2,0,0,0,0.01,0,0,0,0,0,0,0,0
