"","CSF1PO","D3S1358","D5S818","D7S820","
              D8S1179","D13S317","D16S539","D18S51","D21S11","FGA","TH01","TPOX","VWA"
"USAf.1_new.csv",NA,0.74544125,0.75444716,0.78103704,NA,0.69074843,0.7912938,0.87750576,0.84217525,0.87656573,0.71698111,0.76152564,0.81868282
"Bah.Af._new.csv",NA,0.73566261,0.74376826,0.78314939,NA,0.71964078,0.79963457,0.87715183,0.86035469,0.87195909,0.75556484,0.77458857,0.82234316
"USAf.2_new.csv",NA,0.741025,0.7436125,0.764225,NA,0.730975,0.7975,0.8804375,0.8388875,0.8718125,0.7371,0.7627125,0.8130875
"USAf.3_new.csv",NA,0.76335913,0.73887157,0.78165976,NA,0.68840679,0.79838701,0.87427072,0.86058327,0.86318431,0.72721444,0.76349863,0.80908456
"USAf.4_new.csv",NA,0.77075877,0.7733,0.76585,NA,0.72025,0.7991,NA,0.8616321,0.88652437,0.7687,0.7492,0.8121
"USAf.5_new.csv",NA,0.76043226,0.75102917,0.77356749,NA,0.72730091,0.80014497,0.87618159,0.8682942,0.86712742,0.74994375,0.76151357,0.81070908
"Jam.Af._new.csv",NA,0.74040587,0.7265039,0.77777545,NA,0.69151941,0.79117947,0.87374549,0.84671746,0.87442926,0.75676366,0.74985117,0.80419094
"USAf.6_new.csv",NA,0.77324133,0.75708644,0.79072288,NA,0.72741444,NA,0.87671865,0.84820954,0.86528065,0.75316706,0.77252755,0.81888088
"USAf.7_new.csv",NA,0.76041555,0.75001644,0.78219866,NA,0.68422844,0.79727228,0.87194594,0.84694354,0.87311665,0.75683866,0.75644244,0.81758599
"Trin.Af._new.csv",NA,0.74507556,0.76502553,0.77364472,NA,0.77763894,0.81666079,0.88111588,0.85687941,0.86665548,0.77833572,0.76975059,0.79481854
"USAf.8_new.csv",NA,0.76162084,0.73700682,0.77879221,NA,0.70212735,0.80861037,0.87417138,0.83991417,0.87938491,0.73937284,0.75736699,0.816867
"China.1_new.csv",NA,0.7175842,0.77327721,0.77155545,NA,0.81100253,0.76151867,0.86012726,0.81481579,0.86149525,0.68282254,0.62372225,0.79919993
"Asia_new.csv",NA,0.72925882,0.76992237,0.78772062,NA,0.79350553,0.78415674,0.8679579,0.85359963,0.87083047,0.75873019,0.64285842,0.8041082
"Japan.1_new.csv",NA,0.698016,0.776992,0.757856,NA,0.796256,0.784032,0.847424,0.801376,0.859936,0.7336,0.679072,0.792608
"Japan.2_new.csv",NA,0.69825316,0.7889108,0.76815999,NA,0.80311237,0.7747301,0.863359,0.76165675,0.84820471,0.7205838,0.66033627,0.7963044
"Korea.1_new.csv",NA,0.70368855,0.75279577,0.77871904,NA,0.81360222,0.78082689,0.85252207,0.80022441,0.8306068,0.69021715,0.63489457,0.8024899
"Vietnam.1_new.csv",NA,0.72575818,0.77981938,0.75470401,NA,0.77237346,0.79052351,0.84010333,0.82714506,0.87784015,0.70582793,0.6059697,0.7889638
"USCauc.1_new.csv",NA,0.79571266,0.67084755,0.81053177,NA,0.78854555,0.75398244,0.86803688,0.83586799,0.85557466,0.78758755,0.62683933,0.80607066
"USCauc.2_new.csv",NA,0.81046466,0.72464755,0.8141791,NA,0.78813666,0.77202333,0.87817599,0.8257791,0.86925332,0.77248644,0.63173844,0.80794155
"Can.Cauc._new.csv",NA,0.79357144,0.71344029,0.80644656,NA,0.78203387,NA,0.87173247,0.85583206,0.84827618,0.78727335,0.63209586,0.8139492
"USCauc.3_new.csv",NA,0.79470364,0.68171865,0.80551887,NA,0.77134502,0.76745097,0.87595878,0.85347877,0.85972904,0.78264866,0.62127536,0.81088177
"USCauc.4_new.csv",NA,0.79474474,0.70232659,0.8153844,NA,0.78918072,0.7653711,0.87219435,0.82219007,0.86398722,0.78520364,0.62028362,0.80542024
"USCauc.5_new.csv",NA,0.78306859,0.70991755,0.81294186,NA,0.76234713,0.78497445,0.87441749,0.83486624,0.86772374,0.78714024,0.63374787,0.80386546
"USCauc.6_new.csv",NA,0.78946666,0.70630266,0.81443444,NA,0.78212244,NA,0.87277732,0.8388871,0.86854888,0.78069333,0.60848933,0.80463733
"USCauc.7_new.csv",NA,0.78001292,0.73299948,0.79615305,NA,0.77020077,NA,0.87499435,0.85300213,0.86195384,0.78570743,0.63208758,0.8075362
"USCauc.8_new.csv",NA,0.79864441,0.70982068,0.8016856,NA,0.7831555,0.76984999,0.87064253,0.84007392,0.86417636,0.78173572,0.63652518,0.79648481
"USHisp.1_new.csv",NA,0.75815679,0.7349297,0.78100287,NA,0.82943328,0.78252023,0.87431728,0.82054373,0.88189787,0.76769433,0.6700949,0.80795608
"USHisp.2_new.csv",NA,0.7286625,0.7184,0.7835125,NA,0.8225,0.7907,0.87017616,0.8287625,0.8804,0.758725,0.6807375,0.7648125
"USHisp.3_new.csv",NA,0.71862298,0.71771603,0.77193096,NA,0.82733392,0.77117712,0.87444295,0.81094253,0.87758967,0.75677812,0.60660848,0.76878077
"USHisp.4_new.csv",NA,0.76181804,0.71557513,0.80505319,NA,0.80784885,0.79762916,0.87587751,0.84034335,0.87877617,0.79053722,0.65183555,0.7825227
"USHisp.5_new.csv",NA,0.73566927,0.73772652,0.78145066,NA,0.815428,0.76845516,0.87442194,0.82966813,0.87761046,0.76603316,0.64627074,0.77004838
"USHisp.6_new.csv",NA,0.76533244,0.69610066,0.80796844,NA,0.82731155,0.77303044,0.8665291,0.84958132,0.86862377,0.78419355,0.66890733,0.79987555
"USHisp.7_new.csv",NA,0.75502885,0.7241608,0.78507673,NA,0.81365742,NA,0.87322732,0.83103859,0.87403489,0.77186293,0.70379586,0.79638033
"USHisp.8_new.csv",NA,0.73681471,0.75353694,0.79394518,NA,0.80164009,0.8109368,0.87559838,0.85555218,0.87594958,0.79430781,0.69187484,0.8122591
"Nat.Am.1_new.csv",NA,0.49296232,0.64132589,0.68745827,NA,0.77683481,0.74804716,0.83826213,0.65755821,0.84813702,0.68533197,0.68971145,0.67667703
"Nat.Am.2_new.csv",NA,0.78859173,0.68226438,0.78699738,NA,0.77184066,0.77406462,0.87587371,0.86561384,0.83841016,0.7823843,0.67194762,0.82492883
"Nat.Am.3_new.csv",NA,0.6934375,0.7444125,0.7840625,NA,0.820775,NA,0.8452625,0.7988,0.874175,0.69575,0.6748625,0.7516625
"Nat.Am.4_new.csv",NA,0.42930621,0.61568323,0.7151976,NA,0.80174899,0.77332772,0.81405947,0.68597672,0.87507232,0.56902667,0.67375234,0.68968421
"Nat.Am.5_new.csv",NA,0.618048,0.629056,0.652,NA,0.769408,NA,0.788416,0.843136,0.872832,0.484736,0.655168,0.692
"Nat.Am.6_new.csv",NA,0.63183314,0.77733549,0.71991706,NA,0.79549575,NA,0.84416609,0.81679606,0.86808942,0.59439684,0.62664763,0.79685992
"Nat.Am.7_new.csv",NA,0.62110517,0.7194273,0.75946708,NA,0.82390243,NA,0.82813352,0.78919238,0.8593898,0.63624058,0.68141501,0.74185612
"Rwanda_new.csv",NA,0.74837189,0.70854794,0.7284,NA,0.72970177,0.8046,0.86688993,0.83369984,0.83841434,0.78661084,0.74577109,0.8208
"China.2_new.csv",NA,0.7106384045,0.7764596444,0.773913283,NA,0.7938328552,0.7848255591,0.8666109589,0.8112707467,0.8641664216,0.6844689397,0.5973725615,0.7917031235
"Greece.1_new.csv",NA,0.783865,0.734219,0.793238,NA,0.770154,0.788672,0.875883,0.845511,0.853538,0.797838,0.603173,0.811243
"Spain.1_new.csv",NA,0.8007625,0.70597556,0.79450727,NA,0.79310474,0.76793456,0.87689962,0.85435,0.8655176,0.7906375,0.64675,0.8031774
"Turkey.1_new.csv",NA,0.778958,0.749734,0.811492,NA,NA,NA,0.87071,0.841014,0.862614,NA,NA,0.800388
"Turkey.2_new.csv",NA,0.763774,0.750418,0.792654,NA,0.78136,0.767728,0.865897,0.843265,0.852899,0.791397,0.599431,0.786952
"Inuit.1_new.csv",NA,0.72343953,0.67950381,0.78822464,NA,0.79408099,0.75902013,0.82894185,0.75234604,0.84815577,0.58502961,0.66756987,0.74217627
"Inuit.2_new.csv",NA,0.59552436,0.75025122,0.76401739,NA,0.74454712,0.56190923,0.80085903,0.80717028,0.85837045,0.2272503,0.63608945,0.80167595
"Inuit.3_new.csv",NA,0.5896,0.68945,0.7517,NA,0.71525,0.71795,0.7844,0.79845,0.8368,0.39155,0.65105,0.77615
"Colombia.1_new.csv",NA,0.749113,0.729948,0.788406,NA,0.812107,0.796222,0.877434,0.829738,0.877478,0.748021,0.657458,0.753764
"Colombia.2_new.csv",NA,0.73653,0.741095,0.773963,NA,0.787999,0.798674,0.885482,0.830156,0.880515,0.785529,0.715092,0.801547
"Colombia.3_new.csv",NA,0.719256,0.756272,0.782344,NA,0.736939,0.800087,0.896388,0.849443,0.867099,0.741261,0.766258,0.804935
"Colombia.4_new.csv",NA,0.689353,0.735954,0.777672,NA,0.816173,0.788448,0.85593,0.836799,0.874574,0.704552,0.646768,0.737685
"Brazil.1_new.csv",NA,0.78275228,0.72668466,0.80363122,NA,0.79857972,0.78358562,0.8775492,0.84076914,0.87080133,0.7934274,0.67952232,0.80579358
"Iceland_new.csv",NA,0.792231,NA,NA,NA,NA,NA,0.879941,0.801888,0.85221,0.782552,NA,0.798394
"Angola.1_new.csv",NA,0.73970805,0.74674994,0.7821402,NA,0.67411647,0.76278447,0.85950828,0.85935732,0.87788421,0.69213668,0.77548704,0.81275511
"Serbia.1_new.csv",NA,0.7851834,0.72099115,0.81708803,NA,0.77980035,0.7748227,0.87201839,0.85090795,0.85797292,0.78121492,0.59695065,0.81644186
"Brazil.2_new.csv",NA,0.774590972902,0.748088697777,0.796538570287,NA,0.778712424543,0.782370029629,0.880301191963,0.855871468359,0.883360236586,0.786872771176,0.687752819808,0.801943767875
"Sweden.1_new.csv",NA,0.785871,NA,NA,NA,NA,0.761777,0.874465,0.842198,0.860643,0.764882,NA,0.80364
"E.Slovak.1_new.csv",NA,0.795,0.7072,0.7976,NA,0.7972,0.7636,NA,0.85,0.8653,0.7801,0.6178,0.8068
"E.Slovak.2_new.csv",NA,0.7823,0.6692,0.8019,NA,0.7508,0.774,0.863,0.8489,0.8634,0.7991,0.5959,0.7946
"E.Slovak.3_new.csv",NA,0.7866,0.7005,0.8087,NA,0.776,0.7699,0.8657,0.8539,0.8664,0.7942,0.6035,0.801
"E.Slovak.4_new.csv",NA,0.7896,0.6773,0.7982,NA,0.8114,0.7826,0.8449,0.8526,0.8792,0.7854,0.6013,0.7697
"China.3_new.csv",NA,0.70971836,0.76412305,0.7716754,NA,0.80750216,0.79378387,0.85247348,0.80504829,0.84607428,0.67742592,0.59858575,0.79155746
"Brazil.3_new.csv",NA,0.76287716,0.74212163,0.79732767,NA,0.79686732,0.78371412,0.88542501,0.85441429,0.86719934,0.80223992,0.68650221,0.80927033
"Basque.1_new.csv",NA,0.79633165,0.72280118,0.80670643,NA,0.8024872,0.76390088,0.8784599,0.85065147,0.86055103,0.78761967,0.66382337,0.79709578
"Morocco.1_new.csv",NA,0.77166385,NA,NA,NA,NA,0.78846646,0.87330448,0.84542721,0.86517068,0.79366369,NA,0.80872244
"Hungary.1_new.csv",NA,0.7923391191,0.7164560191,0.8123473223,NA,0.7871886439,0.7743284999,0.8763023707,0.8483943678,0.8663002137,0.7796826845,0.6087623264,0.8107936506
"Nicaragua_new.csv",NA,0.7232625,0.738025,0.779775,NA,0.82415,0.78315,0.87195,0.822275,0.872625,0.7482625,0.6938625,0.7517125
"Italy.1_new.csv",NA,0.781289561319,NA,NA,NA,NA,0.783372634532,0.868948134702,0.843032746868,0.864300382865,0.804754909548,NA,0.800290858611
"Hungary.2_new.csv",NA,NA,NA,NA,NA,NA,NA,NA,NA,NA,NA,NA,NA
"UKCauc.1_new.csv",NA,0.79578811,NA,NA,NA,NA,0.76818144,0.87288019,0.84252783,0.85662525,0.76148032,NA,0.80936885
"Afghanistan.1_new.csv",NA,0.720975,0.745164,0.789971,NA,0.781343,0.773376,0.848374,0.808646,0.855383,0.800674,0.643963,0.809777
"Afghanistan.2_new.csv",NA,0.746939,0.711207,0.790794,NA,0.788415,0.795943,0.863585,0.850339,0.861303,0.794009,0.624086,0.802554
"Afghanistan.3_new.csv",NA,0.757549,0.718556,0.796549,NA,0.783608,0.764569,0.848743,0.855945,0.865305,0.788497,0.647101,0.815867
"Afghanistan.4_new.csv",NA,0.747001,0.761736,0.791834,NA,0.819298,0.783129,0.858424,0.852072,0.853988,0.782998,0.659705,0.809856
"Afghanistan.5_new.csv",NA,0.767126,0.722716,0.781932,NA,0.80382,0.785691,0.885966,0.830134,0.861007,0.759924,0.635224,0.809328
"Austria.1_new.csv",NA,0.78253844,NA,NA,NA,NA,0.74672132,0.8779103,0.844403,0.85759876,0.7643539,NA,0.79528706
"Argentina.1_new.csv",NA,0.617343,0.705242,0.668235,NA,0.822779,0.775123,0.846,0.841829,0.854691,0.628753,0.559972,0.697245
"China.5_new.csv",NA,0.701216,0.76352,0.773056,NA,0.806944,0.772928,0.853344,0.8504,0.863456,0.665728,0.642592,0.809056
"Italy.2_new.csv",NA,NA,NA,NA,NA,NA,NA,NA,NA,NA,NA,NA,NA
"Haiti_new.csv",NA,0.75335699,0.74433984,0.76369753,NA,0.70034791,0.79036854,0.87758996,0.85114294,0.87322867,0.71412188,0.78892286,0.81463466
"S.Af.Colored_new.csv",NA,0.756190881413221,0.737697948887342,0.807152726216601,NA,0.755021787937507,0.786321606811457,0.906047401400574,0.879849080621214,0.875225847582527,0.731958763010309,0.741736634399511,0.813157614692847
"Khoe_new.csv",NA,0.771449704665681,0.762573964810651,0.782544378801775,NA,0.624260354585799,0.788461538538462,0.906804733926035,0.892011834218935,0.850591715946746,0.681213017748521,0.732248521482249,0.805473372757396
"San_new.csv",NA,0.71715501007719,0.723141147160365,0.817580340488973,NA,0.730466288216761,0.800987187289435,0.884399285555976,0.906007141309809,0.877389203819366,0.674963243150494,0.757272631685465,0.820205839021004
"S.Africa.1_new.csv",NA,0.719,0.764,0.7902,NA,0.7204,0.7468,0.8578,0.85,0.8618,0.7194,0.7808,0.7904
"S.Africa.2_new.csv",NA,0.713017751597633,0.751479290213018,0.733727810810651,NA,0.559171597905326,0.781065089165681,0.813609467390533,0.718934911680473,0.843195266266272,0.559171597905326,0.763313609455621,0.730769230692308
"Belgium.1_new.csv",NA,NA,NA,NA,NA,NA,NA,NA,NA,NA,NA,NA,NA
"Macedonia.1_new.csv",NA,NA,NA,NA,NA,NA,NA,NA,NA,NA,NA,NA,NA
"Brazil.4_new.csv",NA,0.776778219879,0.735232603776,0.802075841041,NA,0.789092760931,0.792512614229,0.883301308362,0.854397718097,0.873990616749,0.797609433236,0.693632119071,0.807745335675
"UKCauc.2_new.csv",NA,0.7979053,NA,NA,NA,NA,0.77011921,0.87445916,0.83846826,0.85955417,0.76894676,NA,0.80771092
"Romani.1_new.csv",NA,0.77699511,0.72643396,0.80412924,NA,0.78776168,0.77552696,0.87370019,0.84942357,0.87062275,0.78546274,0.62786025,0.80708239
"UKAf.1_new.csv",NA,0.76053359,NA,NA,NA,NA,0.79740457,0.8806822,0.84517208,0.87578765,0.75201504,NA,0.8163443
"Poland.1_new.csv",NA,0.796646,NA,NA,NA,NA,0.7606,0.86611,0.845843,0.859276,0.774141,NA,0.804523
"Maldives_new.csv",NA,0.73889891,0.71497457,0.78624104,NA,0.80327968,0.81449644,0.83483265,0.83011539,0.85653889,0.77710546,0.72316898,0.79366218
"ElSalvador_new.csv",NA,0.69405244,NA,NA,NA,NA,0.78308044,0.86109843,0.83936199,0.87393021,0.71897066,NA,0.69655755
"Portugal.1_new.csv",NA,0.789013,NA,NA,NA,NA,0.777604,0.877923,0.83075,0.861277,0.796316,NA,0.802608
"China.6_new.csv",NA,0.71951348,0.77949793,0.764586,NA,0.79272719,0.77916453,0.86712827,0.82703125,0.85919912,0.67526,0.60658474,0.79840455
"Spain.2_new.csv",NA,0.79865916958218,0.724096501713187,0.811190407106594,NA,0.789696270991734,0.767024701991734,0.874675605306805,0.815239331213668,0.859477124277778,0.796784890254614,0.650002402406478,0.807850346160611
"Italy.3_new.csv",NA,NA,NA,NA,NA,NA,NA,NA,NA,NA,NA,NA,NA
"China.7_new.csv",NA,0.750672,0.74555736,0.79279587,NA,0.81299884,0.80450233,0.8671219,0.833067,0.85585923,0.78552365,0.63561747,0.79839536
"Portugal.2_new.csv",NA,0.7877624,0.6994552,0.80433964,NA,0.7836938,0.78138754,0.87640368,0.83526836,0.86111052,0.78865122,0.64550884,0.80989766
"Hungary.3_new.csv",NA,0.78810994,0.72522695,0.81234189,NA,0.77860255,0.76223771,0.87815472,0.85785693,0.85672137,0.78659569,0.61574425,0.80743036
"China.8_new.csv",NA,0.73058285,0.77202143,0.73085494,NA,0.77383276,0.80247361,0.84762897,0.81761825,0.87247258,0.61499461,0.57652273,0.81450251
"China.9_new.csv",NA,0.7211955,0.78126691,0.77927286,NA,0.793361,0.783121,0.85962804,0.8198155,0.86391565,0.68080387,0.607565,0.798728
"China.10_new.csv",NA,0.69586482,0.7831188,0.77664015,NA,0.77314881,0.77536712,0.83792279,0.83849491,0.8607228,0.69277424,0.60797526,0.79042956
"China.11_new.csv",NA,0.72980613,0.74842122,0.74451295,NA,0.74174838,0.72651722,0.8374454,0.84162804,0.87269403,0.70436922,0.68648813,0.82646941
"China.12_new.csv",NA,0.7095265,0.75074509,0.75071063,NA,0.79982304,0.77693168,0.84199749,0.81368841,0.86822054,0.71335279,0.58981113,0.79381656
"Portugal.3_new.csv",NA,0.79325,NA,NA,NA,NA,0.781779,0.879308,0.852425,0.869698,0.798211,NA,0.815818
"China.13_new.csv",NA,0.74105788,0.77421236,0.75908832,NA,0.80640875,0.79519119,0.85961996,0.77878586,0.85641802,0.62391952,0.61825948,0.81508211
"Italy.4_new.csv",NA,NA,NA,NA,NA,NA,NA,NA,NA,NA,NA,NA,NA
"China.14_new.csv",NA,0.7231712,0.78510084,0.77278601,NA,0.79903222,0.78579014,0.8617329,0.81033653,0.850181,0.60526267,0.6168209,0.79823188
"Spain.3_new.csv",NA,0.776775879208,0.735232603776,0.802075841041,NA,0.789092760931,0.792512614229,0.883300123003,0.854397718097,0.873990616749,0.797609433236,0.693632119071,0.807745335675
"Korea.2_new.csv",NA,0.71182122,0.77182058,0.77876631,NA,0.8063502,0.78207906,0.84231238,0.80756487,0.84773615,0.68197505,0.62701436,0.79484991
"Italy.5_new.csv",NA,0.7880125,NA,NA,NA,NA,0.7744375,0.8733,0.8433625,0.8658375,0.7974,NA,0.8066625
"Nat.Am.8_new.csv",NA,0.544721,0.733088,0.708341,NA,0.744665,0.755386,0.847141,0.763642,0.872038,0.498226,0.562554,0.744086
"Nat.Am.9_new.csv",NA,0.406495,0.729219,0.756467,NA,0.839134,0.690273,0.793702,0.640128,0.841395,0.65926,0.619032,0.799513
"Nat.Am.10_new.csv",NA,0.304396,0.683681,0.739791,NA,0.800596,0.650604,0.789408,0.781872,0.828968,0.573238,0.623765,0.71476
"Nat.Am.11_new.csv",NA,0.382951,0.733002,0.709855,NA,0.834049,0.650518,0.814693,0.742049,0.856724,0.597834,0.56524,0.788081
"Nat.Am.12_new.csv",NA,0.352054,0.719232,0.738091,NA,0.833241,0.663537,0.806189,0.752002,0.851904,0.614014,0.609287,0.776552
"Nat.Am.13_new.csv",NA,0.635622,0.619849,0.774019,NA,0.649328,0.754918,0.865609,0.794434,0.869592,0.650101,0.495444,0.70317
"Nat.Am.14_new.csv",NA,0.608366,0.75852,0.629731,NA,0.7395,0.65925,0.815881,0.761566,0.87075,0.520745,0.531821,0.774215
"Nat.Am.15_new.csv",NA,0.602848,0.727387,0.711554,NA,0.76667,0.771373,0.815998,0.850268,0.852753,0.511924,0.506836,0.789598
"Nat.Am.16_new.csv",NA,0.417654,0.671578,0.746395,NA,0.665213,0.700973,0.827338,0.761408,0.810495,0.584971,0.481734,0.769088
"Azores.1_new.csv",NA,0.79350682,0.70058696,0.79813488,NA,0.79493788,0.76180248,0.88198232,0.8330703,0.85979914,0.788488,0.62196138,0.8121337
"Azerbaijan_new.csv",NA,0.7734452668,0.7513114808,0.8104426304,NA,0.7676184464,0.785162051,0.8732769778,0.848187806,0.854483219,0.78769681,0.6320802664,0.7818546018
"USAf.9_new.csv",NA,0.746806710038473,0.74959816653095,0.772229062265244,NA,0.705003249210201,0.795492630233439,0.878949933090695,0.84858588954969,0.873281522392531,0.743185937481653,0.763747819909459,0.812412366094251
"USCauc.9_new.csv",NA,0.790030002545898,0.697661927025844,0.816134774823789,NA,0.783726336968884,0.759973450436384,0.875833519033218,0.8288495335888,0.859354977295279,0.764627343470561,0.640449351937723,0.807621181744055
"USHisp.9_new.csv",NA,0.762801637501365,0.714072824230178,0.780379201163459,NA,0.832698936963803,0.792310040548621,0.879892631398521,0.837609522971919,0.880978885156133,0.777344872180049,0.678019965163531,0.796628123787561
"Korea.3_new.csv",NA,0.709948,0.777861,0.777221,NA,0.801039,0.783126,0.863226,0.783614,0.855875,0.67599,0.641054,0.797925
"China.15_new.csv",NA,NA,NA,NA,NA,NA,NA,NA,NA,NA,NA,NA,NA
"Lebanon_new.csv",NA,0.760564,0.756115,0.786993,NA,0.777302,0.775572,0.880117,0.841847,0.869146,0.782487,0.659083,0.796771
"Italy.6_new.csv",NA,NA,NA,NA,NA,NA,NA,NA,NA,NA,NA,NA,NA
"China.16_new.csv",NA,NA,NA,NA,NA,NA,NA,NA,NA,NA,NA,NA,NA
"Italy.7_new.csv",NA,0.782294,0.705036,0.809314,NA,0.79381,0.775562,0.875856,0.837662,0.86503,0.783192,0.657612,0.81038
"Somalia_new.csv",NA,0.735737,0.755211,0.734723,NA,0.740895,0.781516,0.900822,0.825655,0.858677,0.715122,0.716593,0.799099
"Afghanistan.6_new.csv",NA,0.758209,0.75224,0.795285,NA,0.797905,0.793933,0.869396,0.834921,0.860335,0.78171,0.644815,0.802611
"NZAsian_new.csv",NA,0.72545,0.783855,0.771327,NA,0.81212,0.79222,0.86448,0.81978,0.862444,0.73533,0.614771,0.807662
"NZCauc.1_new.csv",NA,0.790637,0.705843,0.814892,NA,0.792053,0.76887,0.875907,0.84159,0.865736,0.772821,0.631397,0.812055
"NZE.Polynesian_new.csv",NA,0.736723,0.783112,0.786965,NA,0.791256,0.757798,0.819611,0.819631,0.83298,0.760842,0.611611,0.792964
"NZW.Polynesian_new.csv",NA,0.724018,0.768919,0.818239,NA,0.774426,0.797173,0.846401,0.811963,0.81139,0.752275,0.677866,0.797731
"Brazil.5_new.csv",NA,0.78132377,0.72776095,0.80319547,NA,0.79701668,0.78334782,0.87829873,0.84168785,0.87169049,0.79248141,0.6729,0.80615143
"Brazil.6_new.csv",NA,0.77705157,0.72882605,0.7974534,NA,0.78514784,0.78514784,0.88176068,0.845584,0.87515163,0.79928713,0.6796,0.80229095
"Brazil.7_new.csv",NA,0.78223002,0.74386243,0.80101756,NA,0.80260287,0.7871835,0.87944265,0.84898429,0.8719528,0.79957886,0.6878,0.81053195
"Brazil.8_new.csv",NA,0.77443499,0.73307993,0.80337535,NA,0.78094313,0.78621258,0.88429357,0.84979867,0.87488344,0.79765836,0.7006,0.80465313
"Brazil.9_new.csv",NA,0.77103431,0.73386619,0.79931074,NA,0.79201686,0.79288017,0.88193241,0.85009354,0.8745773,0.7997152,0.6983,0.79530691
"Africa_new.csv",NA,0.72565972,0.75377809,0.77064192,NA,0.72078721,0.795543,0.88754395,0.85158691,0.87265224,0.71371147,0.77746147,0.81248623
"Angola.2_new.csv",NA,0.73709206,0.74866916,0.78633495,NA,0.70012106,0.76610429,0.86432114,0.85811536,0.88343568,0.71078214,0.77859768,0.83792247
"Eq.Guinea.1_new.csv",NA,0.72263044,0.73286109,0.7538272,NA,0.683264,0.7901144,0.8576775,0.83388027,0.88292096,0.740608,0.76098773,0.80732108
"Eq.Guinea.2_new.csv",NA,0.762263,0.759224,0.76896,NA,0.696706,0.806464,0.842832,0.853148,0.878488,0.72221,0.780926,0.808686
"USAf.10_new.csv",NA,0.7707639863,0.753257984,0.7983284737,NA,0.7276729112,0.7823295492,0.8757129225,0.8472942183,0.8635838689,0.7572857677,0.7702156656,0.8200546009
"Mozambique_new.csv",NA,0.721945,0.7565,0.751521,NA,0.719528,0.779035,0.872715,0.858337,0.872001,0.740421,0.772793,0.795724
"Tanzania_new.csv",NA,0.71711352,0.7576633,0.75024962,NA,0.70102083,0.78066944,0.87143119,0.85371245,0.87256348,0.74782782,0.77960426,0.81258646
"Uganda_new.csv",NA,0.730804,0.739634,0.788562,NA,0.698904,0.806411,0.868672,0.828663,0.873618,0.718902,0.736091,0.798139
"Aust.Abor.1_new.csv",NA,0.73963857,0.77273986,0.7569371,NA,0.75212477,0.74449019,0.87611728,0.86959003,0.87459271,0.7480897,0.68240686,0.79435406
"Aust.Abor.2_new.csv",NA,0.73613103,0.77808626,0.74759911,NA,0.74429983,0.74478069,0.86893458,0.86647884,0.87066186,0.73345309,0.667867,0.78831481
"China.17_new.csv",NA,0.74545,0.7647,0.761,NA,0.80015,0.78075,0.855,0.81535,0.84775,0.6477,0.62675,0.8124
"China.18_new.csv",NA,0.709285,0.788729,0.752339,NA,0.795684,0.769958,0.841809,0.818225,0.851948,0.666912,0.583302,0.795028
"China.19_new.csv",NA,0.727811,0.769731,0.784764,NA,0.810174,0.773028,0.849505,0.829151,0.849958,0.597084,0.625524,0.795554
"China.20_new.csv",NA,0.709285,0.788729,0.752339,NA,0.795684,0.769958,0.841809,0.818225,0.851948,0.666912,0.583302,0.795028
"China.21_new.csv",NA,0.72942739,0.77191957,0.76432643,NA,0.80182942,0.78588116,0.86139319,0.82261335,0.85747981,0.64912572,0.626164,0.81109616
"China.22_new.csv",NA,0.740603,0.770656,0.783733,NA,0.799755,0.765581,0.844393,0.823693,0.844044,0.642232,0.610994,0.79904
"China.23_new.csv",NA,0.71370385,0.7685727,0.76145663,NA,0.79272215,0.77896453,0.83520453,0.78973787,0.82910413,0.66362765,0.64960009,NA
"China.24_new.csv",NA,0.71197854,0.74193579,0.76994338,NA,0.80529292,0.78966136,0.86089619,0.81885815,0.8523438,0.69768386,0.60771053,0.79952032
"China.25_new.csv",NA,0.64999277,0.77417916,0.75116305,NA,0.79237666,0.79786916,0.81613916,0.77625638,0.87781832,0.70441055,0.62714444,0.81814916
"China.26_new.csv",NA,0.72927944,0.77009124,0.78188053,NA,0.79712124,0.76616374,0.86637887,0.83345811,0.85853689,0.68494624,0.64163937,0.80168624
"E.Timor.1_new.csv",NA,0.718234,0.741284,0.772686,NA,0.80222,0.785182,0.875229,0.844494,0.866898,0.728698,0.71058,0.804658
"China.27_new.csv",NA,0.679305555094444,0.731388888794444,0.730833333033333,NA,0.790833333116667,0.791295604729388,0.8350000001,0.815138889277778,0.873611110938889,0.650555555844444,0.60169491579661,0.811250000066667
"China.28_new.csv",NA,0.712890624395833,0.761430512264826,0.738715277618056,NA,0.784517881265278,0.751018560565414,0.872566772555908,0.7988281250625,0.860796740435944,0.666883680131944,0.639756944534722,0.764373019853327
"China.29_new.csv",NA,0.72143896,0.7543731,0.76576573,NA,0.78420636,0.7709944,0.86522186,0.79063653,0.85813162,0.71527399,0.57115497,0.78790551
"Indonesia_new.csv",NA,0.67097732,0.77802249,0.77090267,NA,0.78211895,0.79366634,0.81724833,0.86641114,0.85981568,0.76422099,0.60467011,0.80659546
"China.30_new.csv",NA,0.708,0.7728,0.6936,NA,0.7704,0.767361111097222,0.7928,0.8176,0.8336,0.5832,0.3432,0.7928
"Malaysia.1_new.csv",NA,0.750764,0.784167,0.773992,NA,0.79012,0.790418,0.859267,0.842426,0.858608,0.764624,0.621393,0.796416
"Malaysia.2_new.csv",NA,0.732058,0.789328,0.753268,NA,0.775698,0.764528,0.835385,0.819154,0.826579,0.7603,0.579773,0.804462
"Malaysia.3_new.csv",NA,0.751152,0.748976,0.74072,NA,0.76339,0.776893,0.824863,0.858972,0.852535,0.795494,0.59996,0.745271
"Malaysia.4_new.csv",NA,0.711638,0.776745,0.749621,NA,0.777791,0.770244,0.822846,0.831942,0.831849,0.671012,0.602484,0.776912
"China.31_new.csv",NA,0.70983399,0.77020148,0.74934377,NA,0.77619955,0.77714703,0.85736645,0.80915777,0.87662814,0.66822435,0.63684165,0.75342026
"Nepal_new.csv",NA,0.72705788,0.77952873,0.79714106,NA,0.81702524,0.77255147,0.86711835,0.83125353,0.87408915,0.68953697,0.66080631,0.79222473
"China.32_new.csv",NA,0.676771366363769,0.767348429002922,0.797662527229364,NA,0.806793279855369,0.735938641547845,0.822498173339664,0.738425925657408,0.856099342279036,0.4147429,0.525566106947407,0.762235208116143
"China.34_new.csv",NA,0.74389225,0.7773819,0.78699625,NA,0.80113463,0.81128975,0.88161351,0.82727434,0.84311376,0.69836351,0.66831501,0.79587184
"Thailand_new.csv",NA,0.722463,0.791452,0.775813,NA,0.797943,0.787548,0.847938,0.835852,0.873187,0.748136,0.601698,0.798705
"Tibet.1_new.csv",NA,0.73857889,0.73991784,0.7864266,NA,0.79980367,0.79952636,0.81551887,0.84707415,0.87718246,0.69902623,0.62245816,0.79329026
"China.35_new.csv",NA,0.704447363503472,0.733459356838059,0.788194444027778,NA,0.762600437913075,0.758244066670867,0.77960722132315,0.809458218238751,0.848064280260044,0.641975308969136,0.613951789886048,0.753104455814463
"Tibet.2_new.csv",NA,0.66217646,0.75646554,0.7677498,NA,0.8257685,0.78969674,0.8186059,0.81352271,0.86234375,0.61121811,0.61296105,0.80384729
"Tibet.3_new.csv",NA,0.69293987,0.73781493,0.78958328,NA,0.82130937,0.78384264,0.84529471,0.82192606,0.85189046,0.6560223,0.573009,0.80160631
"Tibet.4_new.csv",NA,0.65366104,0.73209198,0.79520011,NA,0.77877948,0.7861548,0.87279307,0.83594386,0.85328666,0.67161542,0.62956559,0.76400899
"Tibet.5_new.csv",NA,0.7224,0.752962,0.77254296,NA,0.8042885,0.75366,0.855305,0.8265525,0.8431109,0.6544059,0.62327454,0.79513468
"Tibet.6_new.csv",NA,0.71603868,0.7553885,0.78984223,NA,0.82303064,0.77749301,0.83669072,0.83164616,0.86205788,0.64390538,0.59623454,0.80377011
"Tibet.7_new.csv",NA,0.727351,0.76971588,0.80004408,NA,0.79089203,0.79233111,0.87525897,0.85942345,0.85162674,0.796859,0.687301,0.79524076
"Tibet.8_new.csv",NA,0.75172539,0.71947088,0.77486376,NA,0.80699623,0.8006702,0.77535881,0.82834389,0.83855922,0.59912036,0.58979324,0.79204566
"Tibet.9_new.csv",NA,0.740292,0.7856,0.810082,NA,0.757382,0.791652,0.80559,0.668936,0.874556,0.62351,0.630702,0.701768
"Tibet.10_new.csv",NA,0.717994,0.828614,0.782102,NA,0.809894,0.799034,0.780412,0.786836,0.88687,0.6142,0.700848,0.754276
"China.36_new.csv",NA,0.732638888819444,0.763705103725898,0.71172022689603,NA,0.819214876057851,0.778925619801653,0.831758033799622,0.825141777018904,0.869614512385487,0.665289255801653,0.636105860669187,0.758979205733459
"China.37_new.csv",NA,0.71426154,0.77471962,0.67466104,NA,0.78080567,0.78478982,0.84509713,0.81765889,0.89013714,0.67994363,0.54273166,0.793886
"Albania_new.csv",NA,0.775344,0.716519,0.795098,NA,0.790974,0.774244,0.848934,0.826071,0.864383,0.788798,0.656841,0.815931
"Belarus.1_new.csv",NA,0.795511,0.726172,0.786737,NA,0.752273,0.751349,0.86563,0.850474,0.85495,0.768728,0.580157,0.802937
"Belarus.2_new.csv",NA,0.785105,0.741277,0.78415,NA,0.785085,0.719578,0.877335,0.863754,0.853697,0.753764,0.548554,0.774927
"Croatia.1_new.csv",NA,0.78856595,0.70479447,0.80247856,NA,0.78241764,0.76926414,0.87062887,0.83988416,0.86435407,0.78493709,0.61552552,0.82339635
"E.Slovak.5_new.csv",NA,0.7912862232,0.668795085,0.778064939,NA,0.8071801858,0.7639921056,0.8565460924,0.8406320551,0.8522111041,0.7888011428,0.6291476594,0.7856088523
"S.Af.Cauc._new.csv",NA,0.78800112,0.70531582,0.79994939,NA,0.79062865,0.78531649,0.87724195,0.84751303,0.84793735,0.74533348,0.6876127,0.81477917
"Greece.2_new.csv",NA,0.78288,0.737078,0.799628,NA,0.762955,0.787936,0.87384,0.840479,0.857184,0.79735,0.628993,0.804969
"Iran.1_new.csv",NA,0.778908,0.753658,0.779252,NA,0.772308,0.798476,0.874506,0.84753,0.8602,0.793384,0.648558,0.817736
"Iran.2_new.csv",NA,0.76375644,0.74854466,0.78730377,NA,0.76081844,0.77144133,0.8691671,0.8482051,0.85731221,0.78562244,0.64678155,0.81066488
"Iraq_new.csv",NA,0.74246812,0.72716642,0.78677775,NA,0.7669699,0.75454853,0.86423861,0.83830823,0.84733742,0.78499156,0.62687416,0.78101745
"Lithuania_new.csv",NA,0.790826,0.725821,0.808638,NA,0.748516,0.775442,0.874705,0.854387,0.851,0.785998,0.436935,0.779364
"Macedonia.2_new.csv",NA,0.7707,0.7059,0.79465,NA,0.7736,0.77085,0.8763,0.83645,0.8551,0.7902,0.65365,0.806
"Malta_new.csv",NA,0.769143,0.720848,0.789692,NA,0.794854,0.736858,0.872369,0.839212,0.853317,0.767208,0.664727,0.805228
"USCauc.10_new.csv",NA,0.7875319374,0.7105232187,0.8113246874,NA,0.7839773124,0.7489224687,0.8726141248,0.8417334061,0.8654627498,0.7837655937,0.6036623124,0.8050739374
"Aust.Cauc._new.csv",NA,0.7884902,0.70915833,0.81223853,NA,0.78916655,0.75902923,0.87607148,0.84524835,0.86438867,0.79038235,0.64487706,0.81031075
"Oman_new.csv",NA,0.766996,0.745154,0.778244,NA,0.734907,0.786422,0.869076,0.843772,0.864286,0.78136,0.73796,0.796754
"Poland.2_new.csv",NA,0.793097,0.747899,0.78601,NA,0.783406,0.746763,0.878195,0.838801,0.857379,0.778761,0.59697,0.804096
"Poland.3_new.csv",NA,0.79822384,0.72586252,0.79740118,NA,0.76621108,0.76242162,0.87792248,0.84374932,0.85276322,0.77742394,0.59389992,0.8139616
"Romani.2_new.csv",NA,0.810198,0.723976,0.800311,NA,0.753097,0.770933,0.862886,0.820135,0.84728,0.765883,0.662764,0.804514
"Romani.3_new.csv",NA,0.779714,0.705784,0.806303,NA,0.793336,0.767409,0.871247,0.835323,0.862759,0.785275,0.616594,0.79088
"Romani.4_new.csv",NA,0.778994,0.719525,0.80187,NA,0.785921,0.772648,0.874076,0.862674,0.863016,0.792467,0.631,0.810887
"Romani.5_new.csv",NA,0.731,0.65125,0.5392,NA,0.79075,0.7971,0.80525,0.81215,0.8287,0.7726,0.6711,0.7629
"Romani.6_new.csv",NA,0.758216,0.696486,0.808217,NA,0.776227,0.805825,0.841735,0.84388,0.868825,0.786713,0.706716,0.760548
"Russia.1_new.csv",NA,0.776135602,0.7210561202,0.8014522508,NA,0.7888087655,0.7509413464,0.8727321655,0.8556843097,0.8567241155,0.772112135,0.5926684738,0.8293278609
"Russia.2_new.csv",NA,0.75727,0.72614,0.796357,NA,0.797817,0.75683,0.867797,0.856398,0.855114,0.769904,0.602012,0.804403
"SaudiArabia_new.csv",NA,0.76157,0.733213,0.759408,NA,0.786238,0.756126,0.860356,0.814639,0.853993,0.745662,0.641306,0.801729
"Serbia.2_new.csv",NA,0.7687,0.68655,0.7925,NA,0.7821,0.75725,0.879,0.84885,0.8457,0.7643,0.5541,0.8062
"Siberia_new.csv",NA,0.6992463338,0.717236441,0.7877301447,NA,0.8267933176,0.7991058823,0.8523551223,0.7753506177,0.8364989442,0.7690800764,0.6237743438,0.7973464277
"Spain.4_new.csv",NA,0.80776,0.696649,0.797836,NA,0.795239,0.759851,0.867162,0.853755,0.840913,0.799606,0.657302,0.800643
"Spain.5_new.csv",NA,0.792154,0.698272,0.80419,NA,0.783532,0.76244,0.87179,0.830726,0.863944,0.793736,0.632992,0.805244
"Sweden.3_new.csv",NA,0.796312,0.684676,0.817348,NA,0.790606,0.768278,0.87106,0.823059,0.860583,0.757932,0.556348,0.813894
"Tartar.1_new.csv",NA,0.748202,0.674865,0.780296,NA,0.789842,0.778662,0.859497,0.82564,0.851192,0.76796,0.67802,0.794568
"Yemen.1_new.csv",NA,0.751944,0.759704,0.765244,NA,0.771756,0.736494,0.866649,0.82421,0.861436,0.741876,0.670806,0.80424
"Mexico.1_new.csv",NA,0.80395865,0.71724785,0.79073509,NA,0.81324005,0.77123209,0.86858048,0.85261421,0.87911174,0.77582064,0.66958625,0.7841346
"Mexico.2_new.csv",NA,0.66128647,0.64461191,0.77014166,NA,0.83059027,0.74167881,0.87370517,0.81098382,0.8638348,0.6930985,0.57682891,0.74562137
"Mexico.3_new.csv",NA,0.71482184,0.69781042,0.77923983,NA,0.82460112,0.77720613,0.87737505,0.81941881,0.88167303,0.76528696,0.64802997,0.75536009
"Mexico.4_new.csv",NA,0.64497258,0.66412115,0.74798592,NA,0.82285102,0.72617761,0.86740575,0.81681486,0.8714396,0.69807085,0.6202217,0.72143452
"Mexico.5_new.csv",NA,0.67570877,0.68758547,0.75304051,NA,0.81659081,0.76210226,0.87023157,0.80260094,0.87008689,0.72211457,0.68001626,0.7388891
"USHisp.10_new.csv",NA,0.7533477027,0.7252920691,0.7847049918,NA,0.8132314354,0.78325031,0.8732538598,0.8299419068,0.8734239918,0.7717853304,0.7054549085,0.795866247
"Mexico.6_new.csv",NA,0.66803599,0.67672997,0.7576246,NA,0.82636305,0.76911376,0.87036657,0.83672837,0.87182028,0.72996256,0.6287521,0.75235637
"Bangladesh.1_new.csv",NA,0.73138876,0.7662001,0.79748295,NA,0.8112769,0.81666192,0.8291812,0.82642652,0.86476556,0.7878914,0.71585601,0.81701255
"Nat.Am.17_new.csv",NA,NA,0.613041,0.742383,NA,0.778019,0.74576,0.859368,0.8118,0.853719,0.616662,0.607213,0.600629
"Nat.Am.18_new.csv",NA,NA,0.683353,0.713361,NA,0.820836,0.748136,0.848518,0.790241,0.864373,0.647254,0.616046,0.712957
"Nat.Am.19_new.csv",NA,NA,0.637434,0.745576,NA,0.793774,0.738581,0.865095,0.847439,0.875562,0.669785,0.623309,0.734872
"Nat.Am.20_new.csv",NA,0.699651445,0.7429356111,0.7856292678,NA,0.8208139124,0.7741395748,0.8477898757,0.8004855322,0.8754855765,0.6949974687,0.6731867218,0.7490216544
"Berber.1_new.csv",NA,0.749183,0.754041,0.79643,NA,0.769553,0.78578,0.86493,0.833398,0.870973,0.756381,0.694553,0.805207
"Berber.2_new.csv",NA,0.762055,0.748142,0.746234,NA,0.70726,0.772824,0.873881,0.838778,0.863337,0.789908,0.693221,0.800316
"Berber.3_new.csv",NA,0.73894,0.737636,0.765585,NA,0.706536,0.790268,0.873241,0.798616,0.86135,0.800507,0.654839,0.801409
"Eygpt.1_new.csv",NA,0.8147,0.7043,0.79155,NA,0.67685,0.8127,0.82535,0.8168,0.88065,0.78795,0.6223,0.7966
"Eygpt.2_new.csv",NA,0.79498,0.781388,0.750817,NA,0.759951,0.794716,0.890048,0.793207,0.881835,0.744176,0.711969,0.788383
"Morocco.2_new.csv",NA,0.768414,0.729627,0.761442,NA,0.73315,0.76643811,0.866534,0.82153,0.838822,0.79361,0.712829,0.817114
"Eygpt.3_new.csv",NA,0.766746,0.770986,0.772876,NA,0.791385,0.801369,0.889343,0.829411,0.873385,0.755921,0.671019,0.790942
"Argentina.2_new.csv",NA,0.776477,0.71819,0.786236,NA,0.813803,0.796517,0.870709,0.842829,0.87659,0.7892,0.642498,0.793902
"Brazil.10_new.csv",NA,0.760923,0.744877,0.796907,NA,0.781052,0.793828,0.884817,0.855044,0.874224,0.799651,0.693818,0.81285
"Brazil.11_new.csv",NA,0.7849224938,0.7162923626,0.8043165042,NA,0.7878775643,0.786206572,0.8752067193,0.8335004782,0.8703918077,0.7955965921,0.6629338393,0.8112896011
"Brazil.12_new.csv",NA,0.77931776,0.73555956,0.79873574,NA,0.79306142,0.7863083,0.87521014,0.84146612,0.87130688,0.79621516,0.67634912,0.8028272
"Guinea-Bissua_new.csv",NA,0.7602,0.74245,0.7514,NA,0.6642,0.78695,0.8687,0.87375,0.8598,0.7542,0.7829,0.8151
"China.38_new.csv",NA,0.72254,0.782626,0.759141,NA,0.791019,0.785138,0.856542,0.823594,0.8654659996,0.675194,0.604734,0.798022
"China.39_new.csv",NA,0.715317,0.775534,0.724657,NA,0.799591,0.782834,0.862038,0.818071,0.859275,0.685194,0.557604,0.793414
"Vietnam.2_new.csv",NA,0.7041,0.784213,0.777798,NA,0.793237,0.781936,0.84933,0.816726,0.870165,0.730985,0.616289,0.790232
"Azores.2_new.csv",NA,0.79885,0.689164,0.814834,NA,0.790793,0.77005,0.87385,0.850753,0.851026,0.780364,0.668874,0.82147
"UAE_new.csv",NA,NA,0.744013,0.797949,NA,0.782952,0.784856,NA,NA,NA,0.793061,0.696076,0.760768
"Austria.2_new.csv",NA,NA,0.717963,0.81778,NA,0.762685,0.773175,NA,NA,NA,0.757706,0.585808,0.807769
"Belarus.3_new.csv",NA,0.7940696082,0.7385477625,0.8014580795,NA,0.7592671347,0.7560907579,0.8749247776,NA,NA,0.7725036643,0.600840983,0.8035865732
"Bosnia.1_new.csv",NA,0.791661,0.711612,0.801414,NA,0.743538,0.769644,0.876577,0.864437,0.84838,0.790783,0.589637,0.805452
"Bosnia.2_new.csv",NA,0.78275,0.7074,0.8009,NA,0.76795,0.76045,0.8661,0.8359,0.8693,0.7767,0.59625,0.8158
"Croatia.2_new.csv",NA,NA,0.719217,0.797193,NA,0.774305,0.763403,NA,NA,NA,0.774881,0.600071,0.801239
"E.Slovak.6_new.csv",NA,0.8085192249,0.7310705712,0.8091016876,NA,0.79770657,0.7399408779,0.8708532164,0.8556272049,0.8639264654,0.7667382801,0.5809312318,0.8146810697
"Greece.3_new.csv",NA,0.77305242,0.75818942,0.80047142,NA,0.787123,0.783316,0.86421246,0.84947155,0.86953091,0.79567973,0.620856,0.79536633
"Greece.4_new.csv",NA,0.78852653,0.74924608,0.8029871,NA,0.77462732,0.77823868,0.87768426,0.84132666,0.86738646,0.79739002,0.62297925,0.81064191
"Jewish.1_new.csv",NA,0.79783,0.732839,0.799517,NA,0.76409,0.79178,0.85281,0.825604,0.851019,0.794514,0.62272,0.766952
"Poland.4_new.csv",NA,0.79908671,NA,NA,NA,NA,NA,0.87713484,0.84775815,0.86167847,0.7949672,NA,0.80759416
"Poland.5_new.csv",NA,0.79479334,0.73305628,0.80550411,NA,0.77719527,0.74139437,0.87474358,0.83479151,0.86018008,0.77243563,0.5700939,0.81122008
"Portugal.4_new.csv",NA,0.795666,0.696746,0.815046,NA,0.783074,0.768936,0.872368,0.833908,0.864438,0.790654,0.631514,0.792906
"Romani.7_new.csv",NA,0.758415,0.711662,0.797454,NA,0.772981,0.798387,0.869054,0.832165,0.881278,0.796174,0.593864,0.774782
"Spain.6_new.csv",NA,0.79664113,0.70852444,0.8159579,NA,0.77408473,0.77108003,0.87544359,0.83700758,0.8684597,0.78212392,0.62664491,0.78907064
"Syria_new.csv",NA,0.776463,0.731256,0.789644,NA,0.756192,0.776647,0.871268,0.839919,0.861359,0.774802,0.699594,0.817436
"Tunisia.2_new.csv",NA,0.768260620394627,0.724307580100583,0.78552268218501,NA,0.75089806363182,0.764759804474971,0.873583168642472,0.841341222510059,0.857955149525401,0.799380466298105,0.674593474471038,0.809102978074136
"Turkey.3_new.csv",NA,NA,0.736306,0.795844,NA,0.781292,0.779318,0.871945,0.848542,0.85722,0.800216,0.657552,0.802432
"India.1_new.csv",NA,0.73661,0.729502,0.795114,NA,0.806516,0.7722,0.8698,0.851756,0.9051,0.76672,0.690338,0.8138
"India.2_new.csv",NA,0.68977,0.791044,0.773266,NA,0.81496,0.798344,0.83546,0.834698,0.860458,0.738612,0.760328,0.839754
"India.3_new.csv",NA,0.742914,0.7192,0.772886,NA,0.7664,0.775242,0.822004,0.84766,0.835,0.74125,0.78866,0.781088
"India.4_new.csv",NA,0.755292,0.671862,0.76065,NA,0.784432,0.803996,0.848024,0.830066,0.858934,0.77981,0.729078,0.808986
"India.5_new.csv",NA,0.687476,0.732542,0.785218,NA,0.804004,0.807698,0.841108,0.877856,0.872877,0.788922,0.697006,0.781128
"India.6_new.csv",NA,0.719582,0.745476,0.799978,NA,0.822016,0.770888,0.796156,0.842442,0.872124,0.763194,0.717518,0.787982
"India.7_new.csv",NA,NA,0.748108,0.809552,NA,0.79109,0.790008,NA,NA,NA,0.773479,0.706832,0.823947
"India.8_new.csv",NA,0.698311,0.717337,0.815482,NA,0.79781,0.750898,0.850632,0.820261,0.879166,0.778674,0.729334,0.810812
"Pakistan.1_new.csv",NA,NA,0.746303,0.801136,NA,0.792972,0.794502,NA,NA,NA,0.785307,0.682946,0.8079
"Berber.4_new.csv",NA,0.794146,0.736731,0.737677,NA,0.704588,0.79272,0.841586,0.857456,0.852077,0.810892,0.690795,0.810385
"Eygpt.4_new.csv",NA,0.779744,0.757556,0.762508,NA,0.791254,0.779235,NA,NA,0.880793,0.778199,0.660958,0.819039
"Morocco.3_new.csv",NA,0.776463,0.731256,0.789644,NA,0.756192,0.776647,0.871268,0.839919,0.861359,0.774802,0.699594,0.817436
"Argentina.3_new.csv",NA,0.7676086813,0.746507082,0.7924855259,NA,0.8230119561,0.7943194671,0.871765162,0.852128159,0.8790633045,0.7790830557,0.6472573565,0.7939682183
"Argentina.4_new.csv",NA,0.7531630159,0.7144397237,0.7891913685,NA,0.8330980487,0.792750304,0.8743614851,0.8403517992,0.8841933495,0.77175562,0.668087491,0.7846433043
"Argentina.5_new.csv",NA,0.7609587368,0.7200121083,0.7863970177,NA,0.826811371,0.7955528591,0.869541357,0.8431888002,0.8783871505,0.7907613252,0.6654390567,0.7912746953
"Colombia.6_new.csv",NA,0.73777262,0.7297418,0.77700938,NA,0.81696114,0.79293926,0.8708089,0.81582506,0.87596784,0.76357476,0.66316584,0.77339632
"Cent.W.Af._new.csv",NA,0.71530394,0.76386716,0.77556675,NA,NA,NA,0.85766422,0.85675806,0.85856782,NA,NA,0.823169
"Aust.Abor.3_new.csv",NA,0.72772589,0.77241023,0.75825748,NA,NA,NA,0.88619564,0.86674117,0.8640255,NA,NA,0.79471095
"Aust.Abor.4_new.csv",NA,0.72783745,0.7730325,0.72577869,NA,NA,NA,0.79103182,0.87342102,0.87309213,NA,NA,0.76815547
"Aust.Abor.5_new.csv",NA,0.74000217,0.7737713,0.74903211,NA,NA,NA,0.86970574,0.86305815,0.87405282,NA,NA,0.79367929
"Aust.Abor.6_new.csv",NA,0.7184889,0.7328618,0.68844999,NA,NA,NA,0.86156061,0.85028574,0.86801879,NA,NA,0.73202155
"Aust.Abor.7_new.csv",NA,0.75641191,0.73435067,0.75657757,NA,NA,NA,0.88695909,0.83208209,0.87121565,NA,NA,0.79504479
"Aust.Abor.8_new.csv",NA,0.80359079,0.75614448,0.71883694,NA,NA,NA,0.88152902,0.82695289,0.85152673,NA,NA,0.76510416
"Aust.Abor.9_new.csv",NA,0.80359079,0.75614448,0.71883694,NA,NA,NA,0.88152902,0.82695289,0.85152673,NA,NA,0.76510416
"Aust.Abor.10_new.csv",NA,0.76759062,0.77907222,0.77592797,NA,NA,NA,0.86126978,0.85586179,0.88822464,NA,NA,0.76431458
"Aust.Abor.11_new.csv",NA,0.77766053,0.76252041,0.8126386,NA,NA,NA,0.87545197,0.85179792,0.87619786,NA,NA,0.80904983
"Aust.Abor.12_new.csv",NA,0.77903699,0.746603,0.80880224,NA,NA,NA,0.87707078,0.85108187,0.86940753,NA,NA,0.80175494
"Aust.Abor.13_new.csv",NA,0.74471619,0.77205004,0.77667569,NA,NA,NA,0.8596434,0.85222268,0.86826417,NA,NA,0.80425673
"Aust.Abor.14_new.csv",NA,0.68638766,0.722899,0.67241158,NA,NA,NA,0.78581852,0.7793211,0.77328309,NA,NA,0.7563714
"Aust.Abor.15_new.csv",NA,0.73020317,0.74604444,0.7975,NA,NA,NA,0.85625,0.81858208,0.86171246,NA,NA,0.79365396
"Aust.Abor.16_new.csv",NA,0.73456193,0.75591901,0.7043082,NA,NA,NA,0.85544017,0.8857144,0.87590783,NA,NA,0.76629699
"Aust.Abor.17_new.csv",NA,0.66943305,0.76765353,0.73430937,NA,NA,NA,0.84369686,0.85075582,0.84615324,NA,NA,0.7727303
"Chammoros_new.csv",NA,0.751281,0.755277,0.792608,NA,NA,NA,0.864034,0.854971,0.853096,NA,NA,0.8029
"China.41_new.csv",NA,0.7295875,0.74875259,0.80217042,NA,0.7908668,NA,NA,NA,0.8418914,0.68046591,0.65777695,0.80874888
"China.42_new.csv",NA,0.725467,0.770501,0.767484,NA,NA,NA,0.848943,0.812522,0.852699,NA,NA,0.801185
"China.43_new.csv",NA,0.722688,0.793687,0.759006,NA,0.777784,NA,0.865676,0.828008,0.866388,0.68929,0.594122,0.801915
"E.Timor.2_new.csv",NA,0.710564269661439,0.736955855429203,0.770551508800208,NA,NA,NA,0.872417485519022,0.84032,0.866761733697005,NA,NA,0.78405356804247
"Philipines_new.csv",NA,0.728837,0.76593,0.734068,NA,NA,NA,0.858408,0.825303,0.858475,NA,NA,0.804962
"Jewish.2_new.csv",NA,0.736,0.74,0.8008,NA,0.7704,NA,0.8288,0.8496,0.8584,NA,NA,0.7776
"Korea.4_new.csv",NA,0.718279,0.798138,0.773739,NA,NA,NA,0.861751,0.767116,0.84942,NA,NA,0.789655
"Australia_new.csv",NA,0.78932811,0.70459491,0.81228011,NA,NA,NA,0.87629965,0.84394793,0.86468374,NA,NA,0.81040181
"Austria.3_new.csv",NA,0.80404,0.707326,0.805782,NA,NA,NA,0.8698,0.851886,0.86172,NA,NA,0.803656
"Basque.2_new.csv",NA,0.7844,0.7442,0.755,NA,0.7674,NA,0.8556,0.7896,0.8456,0.7584,0.633938,0.7858
"Basque.3_new.csv",NA,0.77688042,0.73640008,0.76966668,NA,0.77303205,0.75474944,0.84142215,0.82016951,0.85375591,0.78928166,0.67363037,0.79165416
"Germany.1_new.csv",NA,0.777825,0.706363,0.811399,NA,NA,NA,0.882178,0.837049,0.866575,NA,NA,0.814578
"Greece.5_new.csv",NA,0.770453,0.758697,0.793751,NA,NA,NA,0.871167,0.848805,0.867272,NA,NA,0.788144
"Italy.8_new.csv",NA,0.79818098,0.7099637,0.80821997,NA,NA,NA,0.87291633,0.84671404,0.85920823,NA,NA,0.79812844
"Italy.9_new.csv",NA,0.78142844,0.71661044,0.80160555,NA,NA,NA,0.86822599,0.84141777,0.86960199,NA,NA,0.80861155
"Jewish.3_new.csv",NA,0.7872,0.6936,0.82,NA,0.7936,NA,0.8584,0.7488,0.8008,NA,NA,0.7736
"Jewish.4_new.csv",NA,0.750836,0.745122,0.781432,NA,0.765361,NA,0.830511,0.823705,0.848293,NA,NA,0.783869
"Poland.6_new.csv",NA,0.801444,0.71654,0.81093,NA,0.757747,0.740086,0.871902,0.865212,0.86205,0.777393,0.61628,0.802583
"Portugal.5_new.csv",NA,0.785176,0.709138,0.809436,NA,NA,NA,0.874448,0.846478,0.860902,NA,NA,0.808744
"Russia.3_new.csv",NA,0.78217436,0.73355274,0.80964226,NA,NA,NA,0.87706234,0.84364928,0.85920332,NA,NA,0.80151699
"Scotland_new.csv",NA,0.797317,0.725518,0.802069,NA,0.826007,0.778344,0.862655,0.853437,0.854306,0.780746,0.679266,0.809319
"Spain.7_new.csv",NA,0.768428,0.7262,0.774503,NA,0.742081,NA,0.872746,0.834968,0.842293,0.799481,0.710234,0.759016
"Spain.8_new.csv",NA,0.79379657,0.72155136,0.79908405,NA,NA,NA,0.87086487,0.83639622,0.86807075,NA,NA,0.81657408
"Spain.9_new.csv",NA,0.79505078,0.72337578,0.81553237,NA,NA,NA,0.88113982,0.81991428,0.8558658,NA,NA,0.8199819
"Spain.10_new.csv",NA,0.78103,0.710487,0.81112,NA,0.765424,NA,0.875008,0.804359,0.855702,0.759818,0.642012,0.821108
"Spain.11_new.csv",NA,0.78587,0.727766,0.79228,NA,NA,NA,0.872922,0.818863,0.852565,NA,NA,0.803432
"Spain.12_new.csv",NA,0.78055,0.70405,0.8044,NA,NA,NA,0.8751,0.8421,0.8599,NA,NA,0.79365
"Spain.13_new.csv",NA,0.793083,0.713038,0.793233,NA,NA,NA,0.878941,0.842982,0.868466,NA,NA,0.806589
"Spain.14_new.csv",NA,0.796071,0.698753,0.798588,NA,NA,NA,0.870766,0.835333,0.867664,NA,NA,0.803213
"Yemen.2_new.csv",NA,0.77615,0.7518,0.7831,NA,NA,NA,0.8645,0.82275,0.8459,NA,NA,0.7726
"India.9_new.csv",NA,0.321219,0.699418,0.364056,NA,NA,NA,NA,0.72152,0.773469,NA,NA,0.697867
"India.10_new.csv",NA,0.773109,0.72496,0.364056,NA,NA,NA,0.681577,0.749851,0.779608,NA,NA,0.757131
"India.11_new.csv",NA,0.549244,NA,0.453533,NA,NA,NA,0.713066,0.814555,0.749044,NA,NA,0.675444
"India.12_new.csv",NA,0.772887,0.694686,0.826149,NA,NA,NA,0.843348,0.883905,NA,NA,NA,0.797249
"India.13_new.csv",NA,0.738674,0.726637,0.776199,NA,NA,NA,0.820274,0.856424,0.855424,NA,NA,0.778324
"India.14_new.csv",NA,0.706562,0.792212,0.76668,NA,0.804366,0.771028,0.820942,0.843776,0.87598,0.715482,0.68632,0.77829
"India.15_new.csv",NA,0.744354,0.7528,0.806978,NA,0.829308,0.7814,0.839228,0.8536,0.8672,0.79227,0.704938,0.7618
"India.16_new.csv",NA,0.728224,0.7723,0.769086,NA,0.80185,0.79391,0.838848,0.856354,0.873594,0.758308,0.687554,0.807028
"India.17_new.csv",NA,0.746158,0.717332,0.778862,NA,0.799804,0.82264,0.825382,0.850688,0.840424,0.78742,0.721546,0.815064
"Berber.5_new.csv",NA,0.7766,0.725599,0.807845,NA,0.71555,NA,0.877836,0.84888,0.848,0.789,0.698,0.798578
"Eygpt.5_new.csv",NA,0.769432,0.76089,0.774782,NA,NA,NA,0.854412,0.817629,0.867819,NA,NA,0.803092
"Jewish.5_new.csv",NA,0.759691,0.738986,0.772738,NA,0.76713,NA,0.860843,0.7923,0.81765,NA,NA,0.756123
"Argentina.6_new.csv",NA,0.630229,0.720018,0.70212,NA,0.790022,NA,0.871837,0.838735,0.86572,0.68145,NA,0.690008
"UKAf.2_new.csv",NA,NA,0.756382,0.767001,NA,0.680537,0.780493,0.879431,0.840684,0.868294,0.714661,0.782708,0.813654
"Gabon_new.csv",NA,0.734114,NA,NA,NA,NA,NA,0.848718,0.851004,0.872692,0.717516,NA,0.821474
"SEAsia_new.csv",NA,0.7262202308,NA,NA,NA,NA,NA,0.8707945153,0.8239171545,0.8633279113,0.7604483614,NA,0.7995056132
"Austria.4_new.csv",NA,0.792589,NA,NA,NA,NA,NA,0.875353,0.855127,0.863207,0.789557,NA,0.81136
"Austria.5_new.csv",NA,0.793716,NA,NA,NA,NA,NA,0.877333,0.854334,0.86579,0.782367,NA,0.817492
"Belgium.2_new.csv",NA,0.799086,0.705894,0.808782,NA,0.791502,0.757396,0.878332,0.829289,0.852295,0.784487,0.61678,0.806302
"UKCauc.3_new.csv",NA,NA,0.688653,0.796703,NA,0.775742,0.791373,0.86814,0.843506,0.857067,0.751912,0.639573,0.80489
"Czech_new.csv",NA,0.7989367428,NA,NA,NA,NA,NA,0.8710426766,0.8603019003,0.8505709743,0.7723683151,NA,0.8036536523
"Germany.2_new.csv",NA,0.800701,NA,NA,NA,NA,NA,0.875842,0.856326,0.855212,0.773814,NA,0.807772
"Jewish.6_new.csv",NA,0.77857151,NA,NA,NA,NA,NA,0.86552011,0.8346083,0.86026139,0.79565408,NA,0.79310077
"NZCauc.2_new.csv",NA,0.7904643593,NA,NA,NA,NA,NA,0.8766644635,0.8422298259,0.8638405831,0.7740695992,NA,0.8121867261
"Norway_new.csv",NA,0.795618,NA,NA,NA,NA,NA,0.8747,0.836852,0.865942,0.764446,NA,0.796064
"Poland.7_new.csv",NA,0.797956,NA,NA,NA,NA,NA,0.874956,0.844188,0.864308,0.767042,NA,0.80936
"Poland.8_new.csv",NA,0.8012745,0.7290045,0.8089215,NA,0.7701895,0.749161,0.874872,0.8505205,0.865658,0.7768475,0.603236,0.8080405
"Poland.9_new.csv",NA,0.799508,NA,NA,NA,NA,NA,NA,0.854394,0.856492,NA,NA,NA
"Poland.11_new.csv",NA,0.797679,NA,NA,NA,NA,NA,0.870455,0.840318,0.860974,0.757365,NA,0.800976
"Poland.12_new.csv",NA,0.796372,NA,NA,NA,NA,NA,0.87289,0.843186,0.860262,0.783888,NA,0.810204
"Spain.15_new.csv",NA,0.811292,0.714704,0.783746,NA,NA,NA,0.862676,0.821916,0.855879,NA,NA,0.816725
"Bangladesh.2_new.csv",NA,0.74663641829768,NA,NA,NA,NA,NA,0.847195705375059,0.843321129337257,0.86460369,0.775836122663754,NA,0.797556209077851
"UKIndo.Pak._new.csv",NA,NA,0.730777,0.795554,NA,0.807094,0.806147,0.852928,0.850185,0.861884,0.779757,0.686394,0.815715
"Gujarat_new.csv",NA,0.76405105,NA,NA,NA,NA,NA,0.83896903,0.8513741,0.87438625,0.78642409,NA,0.79423051
"Pakistan.2_new.csv",NA,0.7650818,NA,NA,NA,NA,NA,0.86013189,0.85676161,0.86174407,0.80044699,NA,0.80434761
"E.Polynesians_new.csv",NA,0.7313091406,NA,NA,NA,NA,NA,0.8155964966,0.8184425204,0.8272145023,0.7582519493,NA,0.7916883989
"W.Polynesian_new.csv",NA,0.714854741,NA,NA,NA,NA,NA,0.8433848012,0.8131662457,0.8043853924,0.7605039252,NA,0.7942612304
"RutheneVoj_new.csv",NA,0.788270128327765,0.731298946510667,0.799149338231299,NA,0.737003780999055,0.737307588871861,0.871971567361811,0.851761120384032,0.846977354212627,0.766555109650264,0.559358243002276,0.787980787886347
"SerbianVoj_new.csv",NA,0.801327335165675,0.707224122368531,0.810901249347264,NA,0.77015169514768,0.749591017193486,0.875427572913296,0.834956871272754,0.851279000246579,0.767623438363177,0.628420582672219,0.80227543103837
"SolvakVoj_new.csv",NA,0.775547684664437,0.727244617344128,0.794606548215963,NA,0.788225483250707,0.751606979068346,0.87507730373222,0.830559771635033,0.868077809463316,0.771930810999925,0.603333895194243,0.799769494823579
"WSlovakia_new.csv",NA,0.801327335165675,0.707224122368531,0.810901249347264,NA,0.77015169514768,0.749591017193486,0.875427572913296,0.834956871272754,0.851279000246579,0.767623438363177,0.628420582672219,0.80227543103837
"Brazil.219_new.csv",NA,0.77044267,0.73282509,0.7979743,NA,0.7747918,0.79347061,NA,NA,NA,0.79485064,NA,NA
"Turkish.220_new.csv",NA,0.766837684466828,0.715406669017504,0.792087922970776,NA,0.775740656914089,0.776620894402193,0.851290176463709,0.838614758141391,0.864870981782707,0.793169357548765,0.624239223145717,0.819400432511292
"HanShanghai.221_new.csv",NA,0.72623335,0.77939505,0.77974397,NA,0.80433999,0.78038032,0.85644823,0.81490848,0.8601494,0.66203485,0.61146187,0.8024109
"ChineseMongolian.222_new.csv",NA,NA,NA,NA,NA,NA,NA,NA,NA,NA,NA,NA,NA
"Dutch.223_new.csv",NA,0.7949501537,0.6999773171,0.8171214976,NA,0.7892753825,0.7727551549,0.8747743939,0.8401728947,0.8678561165,0.7724444191,0.6256847301,0.8117943675
"Mexico.224_new.csv",NA,0.6823385,0.663891,0.766583,NA,0.831417,0.77541725,0.86547225,0.837003,0.884681,0.722352,0.634245,0.729142
"Danes.225_new.csv",NA,0.78968778648619,NA,NA,NA,NA,0.77185583169525,0.872637365309439,0.841580730700739,0.865884212551468,0.77290251476999,NA,NA
"Greenland.225_new.csv",NA,0.58517397846171,NA,NA,NA,NA,0.70059102753684,0.84671215306639,0.80649965248984,0.84509293447897,0.52162675829642,NA,NA
"Somalis.225_new.csv",NA,0.75182082062886,NA,NA,NA,NA,0.80034935365175,0.89984315388775,0.83372757861532,0.85105010776573,0.74271882923,NA,NA
"Kuwait.226_new.csv",NA,0.760266,0.75798,0.792766,NA,0.773598,0.783644,0.87503,0.833944,0.867684,0.778188,0.6648,0.794624
"Cauca.227_new.csv",NA,0.66312029,0.70624337,0.77296133,NA,0.82114279,0.78430739,0.85222269,0.80182675,0.88142288,0.69910801,0.59820025,0.71771055
"ETimor.229_new.csv",NA,0.707,0.7458,0.7837,NA,0.8101,0.788,0.8756,0.81415,0.8716,0.75595,0.696,0.78425
"CPortugal.230_new.csv",NA,0.77734244,NA,NA,NA,NA,0.76859977,0.87346443,0.82741688,0.85882332,0.79548933,NA,0.80764222
"TianjinNChina.231_new.csv",NA,0.72406456,0.75705286,0.76069169,NA,0.79284694,0.77931197,0.84384002,0.80777622,0.84929859,0.63701666,0.63477021,0.80117981
"CearaBrazil.232_new.csv",NA,0.76141036,0.7516036,0.79186778,NA,0.79638559,0.79092716,0.8034531,0.84448785,0.87313795,0.79434027,0.68164526,0.79435147
"FujianChina.233_new.csv",NA,0.68219189,0.7302497,0.71972686,NA,0.78432328,0.77984024,0.86468416,0.8208452,0.83265705,0.67755842,0.57986973,0.79127703
"Japan.234_new.csv",NA,0.70455841,0.78593934,0.77103612,NA,0.80721684,0.7614418,0.856747,0.78950942,NA,0.71539258,NA,0.79020864
"WRomanian.235_new.csv",NA,0.78223687,0.71842411,0.7957811,NA,0.79843663,0.7721449,0.87295056,0.85616779,0.87193968,0.77650877,0.61263502,0.79870722
"Japan.236_new.csv",NA,0.71077787,0.78350538,0.78725966,NA,0.79599991,0.75569828,0.86102007,0.76585085,0.85815721,0.70573273,0.63219722,0.80055771
"MarDelPlata.238_new.csv",NA,0.76070249,0.72927734,0.7874078,NA,0.80438093,0.77714546,0.88035686,0.82912874,0.87880593,0.77831437,0.6621989,0.79337374
"BahiaBlanca.238_new.csv",NA,0.76465084,0.74357508,0.7738718,NA,0.82728854,0.77149102,0.88181248,0.83787386,0.86846822,0.77089937,0.66638128,0.76351814
"Swiss.239_new.csv",NA,0.788562,NA,NA,NA,NA,0.771937,0.874293,0.838868,0.859447,0.789606,NA,0.803688
"Mayan.240_new.csv",NA,0.64115038,0.67252257,0.75254011,NA,0.83876807,0.75811603,0.85532667,0.81700605,0.85250783,0.64873795,0.69499227,0.71921745
"Lacandon.240_new.csv",NA,0.51576537,0.53766856,0.46872094,NA,NA,0.76217607,0.80963638,0.68558788,0.74706471,0.59165181,0.70122644,0.65383508
"Tzeltal.240_new.csv",NA,0.65125,0.35125,0.63875,NA,0.76375,0.72625,0.77125,0.80875,0.83875,0.65125,0.53625,0.635
"Tojolabal.240_new.csv",NA,0.48696844,0.52284622,0.66253244,NA,0.83320355,0.73931244,0.78390888,0.71852755,0.80111466,0.62284222,0.69086755,0.67885155
"Tzotzil.240_new.csv",NA,0.62131006,0.51516481,0.69241712,NA,0.77171993,0.69474721,0.80653756,0.79638648,0.84768277,0.6111205,0.67410423,0.67689227
"Mazatex.240_new.csv",NA,0.67103124,0.65196624,0.63366937,NA,0.84314061,0.73293343,0.81256187,0.78872482,0.86037687,0.62647739,0.58035898,0.70366927
"NahuaPuebla.240_new.csv",NA,0.61806651,0.66053187,0.7166251,NA,0.82215347,0.72226601,0.8296642,0.77271245,0.85751383,0.66492814,0.64436186,0.7000925
"WNahua.240_new.csv",NA,0.604455,0.6250689,0.73437169,NA,0.8138452,0.71371935,0.86883619,0.79392702,0.85099397,0.66301665,0.57993622,0.74322567
"NahuaChapala.240_new.csv",NA,0.62261896,0.58854137,0.71501412,NA,0.79351851,0.74222118,0.83316443,0.76940626,0.74189511,0.5991201,0.57112042,0.73625214
"ParanaBrazil.241_new.csv",NA,0.769666,0.740513,0.795556,NA,0.79833,0.785646,0.878491,0.842479,0.870723,0.789272,0.690757,0.798168
"SAWhite.242_new.csv",NA,0.791943085619685,0.712966867141358,0.809840051584191,NA,0.790945165944444,0.762225689196389,0.88235087445865,0.841297951314602,0.871008320805532,0.77127255845255,0.644389160931186,0.824375480483827
"SABlack.242_new.csv",NA,0.722630088355372,0.763511428776369,0.770277095494577,NA,0.735815611042905,0.760122998246758,0.883150145370628,0.857601329351407,0.880270477380375,0.715177780333196,0.774174288213387,0.813143726813263
"SAIndian.242_new.csv",NA,0.741881352596842,0.737743368720314,0.805838942864934,NA,0.80886138740209,0.788695867524933,0.843614728542514,0.853664117591999,0.866745485505654,0.76891172892052,0.713735436501478,0.807459811557941
"SAColoured.242_new.csv",NA,0.759679319921471,0.740299638215975,0.807676121310033,NA,0.783014897915495,0.778617119972056,0.892591111925133,0.880228937023483,0.871633280179488,0.796239794310285,0.73706969123142,0.811947647422187
"CanCau.243_new.csv",NA,0.79333897,0.71278878,0.80663301,NA,0.78041247,0.76689211,0.87171605,0.85544673,0.84801024,0.78705261,0.63276161,0.81461896
"Cree.243_new.csv",NA,0.62159174,0.71257954,0.77096607,NA,0.81628929,0.73815691,0.84093823,0.79879246,0.8705213,0.65413224,0.67729442,0.73895129
"Ojbwe.243_new.csv",NA,0.6199861,0.6293663,0.65145516,NA,0.76568144,0.74480682,0.78463619,0.84399093,0.87285736,0.48775326,0.65379546,0.69297481
"Salishan.243_new.csv",NA,0.6277389,0.77948454,0.72573021,NA,0.79983091,0.74388291,0.84939866,0.81647248,0.87031907,0.58998868,0.62495644,0.79806353
"Afghanistan.244_new.csv",NA,0.758209,0.75224,0.795285,NA,0.797905,0.793933,0.869396,0.834921,0.860335,0.78171,0.644815,0.802611
"Italian.245_new.csv",NA,0.782294,0.705036,0.809314,NA,0.79381,0.775562,0.875856,0.837662,0.86503,0.657612,0.657616,NA
"Bangladesh.248_new.csv",NA,0.75254337,0.74130757,0.80014898,NA,0.81237523,0.80309015,0.85031293,0.85013264,0.87277688,0.77937733,0.70711649,0.81057578
"Derung.249_new.csv",NA,0.67338816,0.77072856,0.74435754,NA,0.62743326,0.50266971,0.7670601,0.66859459,0.82521942,0.58407568,0.44648036,0.6911271
"Nu.249_new.csv",NA,0.67528077,0.70062761,0.7684258,NA,0.77986302,0.45743947,0.81661287,0.6917943,0.83870621,0.51417159,0.52789146,0.77156187
"YunnanTibet.249_new.csv",NA,0.71637696,0.7537175,0.78440669,NA,0.81798545,0.76526797,0.83402862,0.82944511,0.85721367,0.65457913,0.54659627,0.79639537
"BuenosAires.250_new.csv",NA,0.7705180754,0.7220379927,0.789219004975,NA,0.82272815055,0.7884453377,0.87036795706,0.844612430156,0.877465927182,0.7841010608,0.6548351461,0.784534300574
"Chubut.250_new.csv",NA,0.7255581139,0.7236715974,0.7752399382,NA,0.833729001444,0.7815491328,0.881448483052,0.829829481984,0.869621497826,0.7455173942,0.6727102911,0.768872434459
"Cordoba.250_new.csv",NA,0.767210774931,0.6682982178,0.7976192759,NA,0.789258357931,0.8027442971,0.869236373451,0.832147427679,0.866452196887,0.777457877,0.698819619,0.8165500712
"Neuquen.250_new.csv",NA,0.752394779683,0.707952711628,0.759969329137,NA,0.830251579527,0.778041009801,0.873746898863,0.816607364668,0.866089431721,0.771329806304,0.685313495878,0.773557556582
"SantaCruz.250_new.csv",NA,0.74148179232,0.745740942671,0.766224687939,NA,0.824093709031,0.776839005408,0.852217434018,0.836533587614,0.875202745808,0.76771213007,0.648120964034,0.777177322065
